,Time,Date,Route,Label,Element Key,Location,Side of Street,,PAID,Load Zone,RPZ for that Block,ADA,Rideshare,ILLEGAL,Notes,Pictures
0,08AM,4/25/2022,CapHillSE,RPZ 4,1589,12TH AVE BETWEEN E PINE ST AND E OLIVE ST,W,7,3,0,0,4,0,0,,
150,09AM,4/25/2022,CapHillSE,RPZ 4,1589,12TH AVE BETWEEN E PINE ST AND E OLIVE ST,W,7,2,0,0,5,0,0,,
175,10AM,4/25/2022,CapHillSE,RPZ 4,1589,12TH AVE BETWEEN E PINE ST AND E OLIVE ST,W,7,3,0,0,4,0,0,,
200,11AM,4/25/2022,CapHillSE,RPZ 4,1589,12TH AVE BETWEEN E PINE ST AND E OLIVE ST,W,8,3,0,0,5,0,0,,
225,12PM,4/25/2022,CapHillSE,RPZ 4,1589,12TH AVE BETWEEN E PINE ST AND E OLIVE ST,W,9,4,1,0,5,0,0,,
250,1PM,4/25/2022,CapHillSE,RPZ 4,1589,12TH AVE BETWEEN E PINE ST AND E OLIVE ST,W,13,7,0,1,5,0,0,,
275,2PM,4/25/2022,CapHillSE,RPZ 4,1589,12TH AVE BETWEEN E PINE ST AND E OLIVE ST,W,10,6,0,1,3,0,0,,
300,3PM,4/25/2022,CapHillSE,RPZ 4,1589,12TH AVE BETWEEN E PINE ST AND E OLIVE ST,W,5,2,0,1,2,0,0,,
325,4PM,4/25/2022,CapHillSE,RPZ 4,1589,12TH AVE BETWEEN E PINE ST AND E OLIVE ST,W,12,8,0,1,3,0,0,,
25,5PM,4/25/2022,CapHillSE,RPZ 4,1589,12TH AVE BETWEEN E PINE ST AND E OLIVE ST,W,12,8,1,0,3,1,0,,
50,6PM,4/25/2022,CapHillSE,RPZ 4,1589,12TH AVE BETWEEN E PINE ST AND E OLIVE ST,W,14,10,0,2,2,0,0,,
75,7PM,4/25/2022,CapHillSE,RPZ 4,1589,12TH AVE BETWEEN E PINE ST AND E OLIVE ST,W,16,10,0,1,5,0,1,,
100,8PM,4/25/2022,CapHillSE,RPZ 4,1589,12TH AVE BETWEEN E PINE ST AND E OLIVE ST,W,17,14,0,2,1,0,1,,
125,9PM,4/25/2022,CapHillSE,RPZ 4,1589,12TH AVE BETWEEN E PINE ST AND E OLIVE ST,W,17,14,0,2,1,0,1,,
6,08AM,4/25/2022,CapHillSE,RPZ 4,1590,12TH AVE BETWEEN E PINE ST AND E OLIVE ST,E,7,1,0,1,5,0,0,,
156,09AM,4/25/2022,CapHillSE,RPZ 4,1590,12TH AVE BETWEEN E PINE ST AND E OLIVE ST,E,7,2,2,1,4,0,0,,
181,10AM,4/25/2022,CapHillSE,RPZ 4,1590,12TH AVE BETWEEN E PINE ST AND E OLIVE ST,E,4,0,1,1,3,0,0,,
206,11AM,4/25/2022,CapHillSE,RPZ 4,1590,12TH AVE BETWEEN E PINE ST AND E OLIVE ST,E,5,2,0,0,3,0,0,,
231,12PM,4/25/2022,CapHillSE,RPZ 4,1590,12TH AVE BETWEEN E PINE ST AND E OLIVE ST,E,6,3,0,0,3,0,0,,
256,1PM,4/25/2022,CapHillSE,RPZ 4,1590,12TH AVE BETWEEN E PINE ST AND E OLIVE ST,E,8,4,0,0,4,0,0,,
281,2PM,4/25/2022,CapHillSE,RPZ 4,1590,12TH AVE BETWEEN E PINE ST AND E OLIVE ST,E,9,4,0,1,4,0,0,,
306,3PM,4/25/2022,CapHillSE,RPZ 4,1590,12TH AVE BETWEEN E PINE ST AND E OLIVE ST,E,6,3,1,0,3,0,0,,
331,4PM,4/25/2022,CapHillSE,RPZ 4,1590,12TH AVE BETWEEN E PINE ST AND E OLIVE ST,E,7,4,1,1,2,0,0,,
31,5PM,4/25/2022,CapHillSE,RPZ 4,1590,12TH AVE BETWEEN E PINE ST AND E OLIVE ST,E,11,8,0,2,1,0,0,,
56,6PM,4/25/2022,CapHillSE,RPZ 4,1590,12TH AVE BETWEEN E PINE ST AND E OLIVE ST,E,9,7,0,0,2,0,0,,
81,7PM,4/25/2022,CapHillSE,RPZ 4,1590,12TH AVE BETWEEN E PINE ST AND E OLIVE ST,E,22,17,0,2,3,0,0,,
106,8PM,4/25/2022,CapHillSE,RPZ 4,1590,12TH AVE BETWEEN E PINE ST AND E OLIVE ST,E,14,11,0,0,3,0,0,,
131,9PM,4/25/2022,CapHillSE,RPZ 4,1590,12TH AVE BETWEEN E PINE ST AND E OLIVE ST,E,15,12,0,0,3,0,0,,
21,08AM,4/25/2022,CapHillSW,NO RPZ,9461,BROADWAY BETWEEN XW E OLIVE ST AND E HOWELL ST,W,8,7,0,0,0,1,0,,
171,09AM,4/25/2022,CapHillSW,NO RPZ,9461,BROADWAY BETWEEN XW E OLIVE ST AND E HOWELL ST,W,9,7,1,0,1,1,0,,
196,10AM,4/25/2022,CapHillSW,NO RPZ,9461,BROADWAY BETWEEN XW E OLIVE ST AND E HOWELL ST,W,9,7,1,0,1,1,0,,
221,11AM,4/25/2022,CapHillSW,NO RPZ,9461,BROADWAY BETWEEN XW E OLIVE ST AND E HOWELL ST,W,11,9,0,0,1,1,0,,
246,12PM,4/25/2022,CapHillSW,NO RPZ,9461,BROADWAY BETWEEN XW E OLIVE ST AND E HOWELL ST,W,8,7,1,0,1,0,0,,
271,1PM,4/25/2022,CapHillSW,NO RPZ,9461,BROADWAY BETWEEN XW E OLIVE ST AND E HOWELL ST,W,9,9,0,0,0,0,0,,
296,2PM,4/25/2022,CapHillSW,NO RPZ,9461,BROADWAY BETWEEN XW E OLIVE ST AND E HOWELL ST,W,8,8,2,0,0,0,0,,
321,3PM,4/25/2022,CapHillSW,NO RPZ,9461,BROADWAY BETWEEN XW E OLIVE ST AND E HOWELL ST,W,8,8,0,0,0,0,0,,
346,4PM,4/25/2022,CapHillSW,NO RPZ,9461,BROADWAY BETWEEN XW E OLIVE ST AND E HOWELL ST,W,9,8,2,0,1,0,0,,
46,5PM,4/25/2022,CapHillSW,NO RPZ,9461,BROADWAY BETWEEN XW E OLIVE ST AND E HOWELL ST,W,6,6,2,0,0,0,0,,
71,6PM,4/25/2022,CapHillSW,NO RPZ,9461,BROADWAY BETWEEN XW E OLIVE ST AND E HOWELL ST,W,11,11,0,0,0,0,0,,
96,7PM,4/25/2022,CapHillSW,NO RPZ,9461,BROADWAY BETWEEN XW E OLIVE ST AND E HOWELL ST,W,11,11,0,0,0,0,0,,
121,8PM,4/25/2022,CapHillSW,NO RPZ,9461,BROADWAY BETWEEN XW E OLIVE ST AND E HOWELL ST,W,11,11,1,0,0,0,0,,
146,9PM,4/25/2022,CapHillSW,NO RPZ,9461,BROADWAY BETWEEN XW E OLIVE ST AND E HOWELL ST,W,12,11,0,0,0,1,0,,
24,08AM,4/25/2022,CapHillSW,NO RPZ,9462,BROADWAY BETWEEN XW E OLIVE ST AND E HOWELL ST,E,1,1,0,0,0,0,0,,
174,09AM,4/25/2022,CapHillSW,NO RPZ,9462,BROADWAY BETWEEN XW E OLIVE ST AND E HOWELL ST,E,1,1,0,0,0,0,0,,
199,10AM,4/25/2022,CapHillSW,NO RPZ,9462,BROADWAY BETWEEN XW E OLIVE ST AND E HOWELL ST,E,4,4,0,0,0,0,0,,
224,11AM,4/25/2022,CapHillSW,NO RPZ,9462,BROADWAY BETWEEN XW E OLIVE ST AND E HOWELL ST,E,4,4,0,0,0,0,0,,
249,12PM,4/25/2022,CapHillSW,NO RPZ,9462,BROADWAY BETWEEN XW E OLIVE ST AND E HOWELL ST,E,5,5,0,0,0,0,0,,
274,1PM,4/25/2022,CapHillSW,NO RPZ,9462,BROADWAY BETWEEN XW E OLIVE ST AND E HOWELL ST,E,4,4,0,0,0,0,0,,
299,2PM,4/25/2022,CapHillSW,NO RPZ,9462,BROADWAY BETWEEN XW E OLIVE ST AND E HOWELL ST,E,5,5,0,0,0,0,0,,
324,3PM,4/25/2022,CapHillSW,NO RPZ,9462,BROADWAY BETWEEN XW E OLIVE ST AND E HOWELL ST,E,5,5,0,0,0,0,0,,
349,4PM,4/25/2022,CapHillSW,NO RPZ,9462,BROADWAY BETWEEN XW E OLIVE ST AND E HOWELL ST,E,4,4,0,0,0,0,0,,
49,5PM,4/25/2022,CapHillSW,NO RPZ,9462,BROADWAY BETWEEN XW E OLIVE ST AND E HOWELL ST,E,5,5,1,0,0,0,1,,
74,6PM,4/25/2022,CapHillSW,NO RPZ,9462,BROADWAY BETWEEN XW E OLIVE ST AND E HOWELL ST,E,4,3,0,0,0,1,0,,
99,7PM,4/25/2022,CapHillSW,NO RPZ,9462,BROADWAY BETWEEN XW E OLIVE ST AND E HOWELL ST,E,6,6,0,0,0,0,0,,
124,8PM,4/25/2022,CapHillSW,NO RPZ,9462,BROADWAY BETWEEN XW E OLIVE ST AND E HOWELL ST,E,3,3,0,0,0,0,0,,
149,9PM,4/25/2022,CapHillSW,NO RPZ,9462,BROADWAY BETWEEN XW E OLIVE ST AND E HOWELL ST,E,5,5,0,0,0,0,0,,
4,08AM,4/25/2022,CapHillSE,NO RPZ,9469,BROADWAY E BETWEEN E DENNY WAY AND E OLIVE WAY,W,4,4,0,0,0,0,0,,
154,09AM,4/25/2022,CapHillSE,NO RPZ,9469,BROADWAY E BETWEEN E DENNY WAY AND E OLIVE WAY,W,6,6,0,0,0,0,0,,
179,10AM,4/25/2022,CapHillSE,NO RPZ,9469,BROADWAY E BETWEEN E DENNY WAY AND E OLIVE WAY,W,6,6,0,0,0,0,0,,
204,11AM,4/25/2022,CapHillSE,NO RPZ,9469,BROADWAY E BETWEEN E DENNY WAY AND E OLIVE WAY,W,7,7,0,0,0,0,0,,
229,12PM,4/25/2022,CapHillSE,NO RPZ,9469,BROADWAY E BETWEEN E DENNY WAY AND E OLIVE WAY,W,11,10,0,0,1,0,0,,
254,1PM,4/25/2022,CapHillSE,NO RPZ,9469,BROADWAY E BETWEEN E DENNY WAY AND E OLIVE WAY,W,8,8,0,0,0,0,0,,
279,2PM,4/25/2022,CapHillSE,NO RPZ,9469,BROADWAY E BETWEEN E DENNY WAY AND E OLIVE WAY,W,8,8,0,0,0,0,0,,
304,3PM,4/25/2022,CapHillSE,NO RPZ,9469,BROADWAY E BETWEEN E DENNY WAY AND E OLIVE WAY,W,4,4,0,0,0,0,0,,
329,4PM,4/25/2022,CapHillSE,NO RPZ,9469,BROADWAY E BETWEEN E DENNY WAY AND E OLIVE WAY,W,7,7,0,0,0,0,0,,
29,5PM,4/25/2022,CapHillSE,NO RPZ,9469,BROADWAY E BETWEEN E DENNY WAY AND E OLIVE WAY,W,6,6,0,0,0,0,0,,
54,6PM,4/25/2022,CapHillSE,NO RPZ,9469,BROADWAY E BETWEEN E DENNY WAY AND E OLIVE WAY,W,7,6,0,0,1,0,0,,
79,7PM,4/25/2022,CapHillSE,NO RPZ,9469,BROADWAY E BETWEEN E DENNY WAY AND E OLIVE WAY,W,13,12,0,0,1,0,0,,
104,8PM,4/25/2022,CapHillSE,NO RPZ,9469,BROADWAY E BETWEEN E DENNY WAY AND E OLIVE WAY,W,11,10,0,0,1,0,1,,
129,9PM,4/25/2022,CapHillSE,NO RPZ,9469,BROADWAY E BETWEEN E DENNY WAY AND E OLIVE WAY,W,11,10,0,0,1,0,1,,
1,08AM,4/25/2022,CapHillSE,NO RPZ,9470,BROADWAY E BETWEEN E DENNY WAY AND E OLIVE WAY,E,8,7,0,0,1,0,0,,
151,09AM,4/25/2022,CapHillSE,NO RPZ,9470,BROADWAY E BETWEEN E DENNY WAY AND E OLIVE WAY,E,9,7,0,0,2,0,0,,
176,10AM,4/25/2022,CapHillSE,NO RPZ,9470,BROADWAY E BETWEEN E DENNY WAY AND E OLIVE WAY,E,10,8,0,0,2,0,0,,
201,11AM,4/25/2022,CapHillSE,NO RPZ,9470,BROADWAY E BETWEEN E DENNY WAY AND E OLIVE WAY,E,10,8,0,0,2,0,0,,
226,12PM,4/25/2022,CapHillSE,NO RPZ,9470,BROADWAY E BETWEEN E DENNY WAY AND E OLIVE WAY,E,10,8,0,0,2,0,0,,
251,1PM,4/25/2022,CapHillSE,NO RPZ,9470,BROADWAY E BETWEEN E DENNY WAY AND E OLIVE WAY,E,10,8,0,0,2,0,0,,
276,2PM,4/25/2022,CapHillSE,NO RPZ,9470,BROADWAY E BETWEEN E DENNY WAY AND E OLIVE WAY,E,10,9,0,0,1,0,0,,
301,3PM,4/25/2022,CapHillSE,NO RPZ,9470,BROADWAY E BETWEEN E DENNY WAY AND E OLIVE WAY,E,9,8,0,0,1,0,0,,
326,4PM,4/25/2022,CapHillSE,NO RPZ,9470,BROADWAY E BETWEEN E DENNY WAY AND E OLIVE WAY,E,10,9,0,0,1,0,0,,
26,5PM,4/25/2022,CapHillSE,NO RPZ,9470,BROADWAY E BETWEEN E DENNY WAY AND E OLIVE WAY,E,9,7,0,1,1,0,0,,
51,6PM,4/25/2022,CapHillSE,NO RPZ,9470,BROADWAY E BETWEEN E DENNY WAY AND E OLIVE WAY,E,10,9,0,0,1,0,0,,
76,7PM,4/25/2022,CapHillSE,NO RPZ,9470,BROADWAY E BETWEEN E DENNY WAY AND E OLIVE WAY,E,17,14,0,0,3,0,0,,
101,8PM,4/25/2022,CapHillSE,NO RPZ,9470,BROADWAY E BETWEEN E DENNY WAY AND E OLIVE WAY,E,11,8,0,0,3,0,0,,
126,9PM,4/25/2022,CapHillSE,NO RPZ,9470,BROADWAY E BETWEEN E DENNY WAY AND E OLIVE WAY,E,12,9,0,0,3,0,0,,
17,08AM,4/25/2022,CapHillSW,NO RPZ,10886,HARVARD AVE BETWEEN E PINE ST AND E OLIVE ST,E,7,7,0,0,0,0,0,,
167,09AM,4/25/2022,CapHillSW,NO RPZ,10886,HARVARD AVE BETWEEN E PINE ST AND E OLIVE ST,E,8,8,1,0,0,0,0,,
192,10AM,4/25/2022,CapHillSW,NO RPZ,10886,HARVARD AVE BETWEEN E PINE ST AND E OLIVE ST,E,11,10,1,0,1,0,0,,
217,11AM,4/25/2022,CapHillSW,NO RPZ,10886,HARVARD AVE BETWEEN E PINE ST AND E OLIVE ST,E,13,12,1,0,1,0,0,,
242,12PM,4/25/2022,CapHillSW,NO RPZ,10886,HARVARD AVE BETWEEN E PINE ST AND E OLIVE ST,E,10,9,0,0,1,0,0,,
267,1PM,4/25/2022,CapHillSW,NO RPZ,10886,HARVARD AVE BETWEEN E PINE ST AND E OLIVE ST,E,10,9,0,0,1,0,0,,
292,2PM,4/25/2022,CapHillSW,NO RPZ,10886,HARVARD AVE BETWEEN E PINE ST AND E OLIVE ST,E,11,10,1,0,1,0,0,,
317,3PM,4/25/2022,CapHillSW,NO RPZ,10886,HARVARD AVE BETWEEN E PINE ST AND E OLIVE ST,E,8,7,0,0,1,0,0,,
342,4PM,4/25/2022,CapHillSW,NO RPZ,10886,HARVARD AVE BETWEEN E PINE ST AND E OLIVE ST,E,5,4,0,0,1,0,0,,
42,5PM,4/25/2022,CapHillSW,NO RPZ,10886,HARVARD AVE BETWEEN E PINE ST AND E OLIVE ST,E,9,8,1,0,1,0,0,,
67,6PM,4/25/2022,CapHillSW,NO RPZ,10886,HARVARD AVE BETWEEN E PINE ST AND E OLIVE ST,E,12,11,0,0,1,0,0,,
92,7PM,4/25/2022,CapHillSW,NO RPZ,10886,HARVARD AVE BETWEEN E PINE ST AND E OLIVE ST,E,12,11,0,0,1,0,0,,
117,8PM,4/25/2022,CapHillSW,NO RPZ,10886,HARVARD AVE BETWEEN E PINE ST AND E OLIVE ST,E,12,11,1,0,1,0,0,,
142,9PM,4/25/2022,CapHillSW,NO RPZ,10886,HARVARD AVE BETWEEN E PINE ST AND E OLIVE ST,E,13,12,2,0,1,0,0,,
10,08AM,4/25/2022,CapHillSE,NO RPZ,24409,11TH AVE BETWEEN E PINE ST AND E OLIVE ST,W,2,2,0,0,0,0,0,,
160,09AM,4/25/2022,CapHillSE,NO RPZ,24409,11TH AVE BETWEEN E PINE ST AND E OLIVE ST,W,3,3,0,0,0,0,0,,
185,10AM,4/25/2022,CapHillSE,NO RPZ,24409,11TH AVE BETWEEN E PINE ST AND E OLIVE ST,W,10,10,0,0,0,0,0,,
210,11AM,4/25/2022,CapHillSE,NO RPZ,24409,11TH AVE BETWEEN E PINE ST AND E OLIVE ST,W,12,12,0,0,0,0,0,,
235,12PM,4/25/2022,CapHillSE,NO RPZ,24409,11TH AVE BETWEEN E PINE ST AND E OLIVE ST,W,18,18,0,0,0,0,0,,
260,1PM,4/25/2022,CapHillSE,NO RPZ,24409,11TH AVE BETWEEN E PINE ST AND E OLIVE ST,W,21,21,0,0,0,0,0,,
285,2PM,4/25/2022,CapHillSE,NO RPZ,24409,11TH AVE BETWEEN E PINE ST AND E OLIVE ST,W,19,19,0,0,0,0,0,,
310,3PM,4/25/2022,CapHillSE,NO RPZ,24409,11TH AVE BETWEEN E PINE ST AND E OLIVE ST,W,21,20,0,0,1,0,0,,
335,4PM,4/25/2022,CapHillSE,NO RPZ,24409,11TH AVE BETWEEN E PINE ST AND E OLIVE ST,W,21,20,0,0,1,0,0,,
35,5PM,4/25/2022,CapHillSE,NO RPZ,24409,11TH AVE BETWEEN E PINE ST AND E OLIVE ST,W,20,19,0,0,1,0,0,,
60,6PM,4/25/2022,CapHillSE,NO RPZ,24409,11TH AVE BETWEEN E PINE ST AND E OLIVE ST,W,23,21,0,0,2,0,1,,
85,7PM,4/25/2022,CapHillSE,NO RPZ,24409,11TH AVE BETWEEN E PINE ST AND E OLIVE ST,W,26,25,0,0,1,0,1,,
110,8PM,4/25/2022,CapHillSE,NO RPZ,24409,11TH AVE BETWEEN E PINE ST AND E OLIVE ST,W,19,15,0,0,4,0,0,,
135,9PM,4/25/2022,CapHillSE,NO RPZ,24409,11TH AVE BETWEEN E PINE ST AND E OLIVE ST,W,17,14,0,0,3,0,0,,
8,08AM,4/25/2022,CapHillSE,RPZ 4,24410,11TH AVE BETWEEN E PINE ST AND E OLIVE ST,E,3,3,1,0,0,0,0,,"https://idax.blob.core.windows.net/images/213f3c03-6eaa-4613-8032-da53fbad0b9c-mobile.jpg,https://idax.blob.core.windows.net/images/d3c41f6a-be16-4e20-b83f-b32a671d018b-mobile.jpg"
158,09AM,4/25/2022,CapHillSE,RPZ 4,24410,11TH AVE BETWEEN E PINE ST AND E OLIVE ST,E,3,3,0,0,0,0,0,,
183,10AM,4/25/2022,CapHillSE,RPZ 4,24410,11TH AVE BETWEEN E PINE ST AND E OLIVE ST,E,3,3,0,0,0,0,0,,
208,11AM,4/25/2022,CapHillSE,RPZ 4,24410,11TH AVE BETWEEN E PINE ST AND E OLIVE ST,E,5,5,0,0,0,0,0,,
233,12PM,4/25/2022,CapHillSE,RPZ 4,24410,11TH AVE BETWEEN E PINE ST AND E OLIVE ST,E,4,4,0,0,0,0,0,,
258,1PM,4/25/2022,CapHillSE,RPZ 4,24410,11TH AVE BETWEEN E PINE ST AND E OLIVE ST,E,4,4,1,0,0,0,0,,
283,2PM,4/25/2022,CapHillSE,RPZ 4,24410,11TH AVE BETWEEN E PINE ST AND E OLIVE ST,E,4,4,1,0,0,0,0,,
308,3PM,4/25/2022,CapHillSE,RPZ 4,24410,11TH AVE BETWEEN E PINE ST AND E OLIVE ST,E,4,4,0,0,0,0,0,,
333,4PM,4/25/2022,CapHillSE,RPZ 4,24410,11TH AVE BETWEEN E PINE ST AND E OLIVE ST,E,5,5,1,0,0,0,0,,
33,5PM,4/25/2022,CapHillSE,RPZ 4,24410,11TH AVE BETWEEN E PINE ST AND E OLIVE ST,E,4,4,1,0,0,0,0,,
58,6PM,4/25/2022,CapHillSE,RPZ 4,24410,11TH AVE BETWEEN E PINE ST AND E OLIVE ST,E,6,6,0,0,0,0,0,,
83,7PM,4/25/2022,CapHillSE,RPZ 4,24410,11TH AVE BETWEEN E PINE ST AND E OLIVE ST,E,11,10,0,0,1,0,0,,
108,8PM,4/25/2022,CapHillSE,RPZ 4,24410,11TH AVE BETWEEN E PINE ST AND E OLIVE ST,E,10,9,0,0,1,0,0,,
133,9PM,4/25/2022,CapHillSE,RPZ 4,24410,11TH AVE BETWEEN E PINE ST AND E OLIVE ST,E,11,10,0,0,1,0,0,,
3,08AM,4/25/2022,CapHillSE,NO RPZ,24413,11TH AVE BETWEEN E OLIVE ST AND E HOWELL ST,W,6,5,0,0,1,0,0,,
153,09AM,4/25/2022,CapHillSE,NO RPZ,24413,11TH AVE BETWEEN E OLIVE ST AND E HOWELL ST,W,10,10,0,0,0,0,0,,
178,10AM,4/25/2022,CapHillSE,NO RPZ,24413,11TH AVE BETWEEN E OLIVE ST AND E HOWELL ST,W,10,10,0,0,0,0,0,,
203,11AM,4/25/2022,CapHillSE,NO RPZ,24413,11TH AVE BETWEEN E OLIVE ST AND E HOWELL ST,W,11,11,0,0,0,0,0,,
228,12PM,4/25/2022,CapHillSE,NO RPZ,24413,11TH AVE BETWEEN E OLIVE ST AND E HOWELL ST,W,17,17,0,0,0,0,0,,
253,1PM,4/25/2022,CapHillSE,NO RPZ,24413,11TH AVE BETWEEN E OLIVE ST AND E HOWELL ST,W,18,18,0,0,0,0,0,,
278,2PM,4/25/2022,CapHillSE,NO RPZ,24413,11TH AVE BETWEEN E OLIVE ST AND E HOWELL ST,W,22,21,0,0,1,0,0,,
303,3PM,4/25/2022,CapHillSE,NO RPZ,24413,11TH AVE BETWEEN E OLIVE ST AND E HOWELL ST,W,29,29,0,0,0,0,1,,
328,4PM,4/25/2022,CapHillSE,NO RPZ,24413,11TH AVE BETWEEN E OLIVE ST AND E HOWELL ST,W,33,33,0,0,0,0,1,,
28,5PM,4/25/2022,CapHillSE,NO RPZ,24413,11TH AVE BETWEEN E OLIVE ST AND E HOWELL ST,W,33,32,0,0,1,0,0,,
53,6PM,4/25/2022,CapHillSE,NO RPZ,24413,11TH AVE BETWEEN E OLIVE ST AND E HOWELL ST,W,29,27,0,0,2,0,0,,
78,7PM,4/25/2022,CapHillSE,NO RPZ,24413,11TH AVE BETWEEN E OLIVE ST AND E HOWELL ST,W,19,16,1,0,3,0,0,,
103,8PM,4/25/2022,CapHillSE,NO RPZ,24413,11TH AVE BETWEEN E OLIVE ST AND E HOWELL ST,W,12,8,0,0,4,0,0,,
128,9PM,4/25/2022,CapHillSE,NO RPZ,24413,11TH AVE BETWEEN E OLIVE ST AND E HOWELL ST,W,11,8,0,0,3,0,0,,
7,08AM,4/25/2022,CapHillSE,NO RPZ,24417,11TH AVE BETWEEN E HOWELL ST AND E DENNY WAY,W,19,17,0,0,1,1,0,,
157,09AM,4/25/2022,CapHillSE,NO RPZ,24417,11TH AVE BETWEEN E HOWELL ST AND E DENNY WAY,W,20,18,0,0,1,1,0,,
182,10AM,4/25/2022,CapHillSE,NO RPZ,24417,11TH AVE BETWEEN E HOWELL ST AND E DENNY WAY,W,25,22,0,0,3,0,0,,
207,11AM,4/25/2022,CapHillSE,NO RPZ,24417,11TH AVE BETWEEN E HOWELL ST AND E DENNY WAY,W,26,22,0,0,4,0,0,,
232,12PM,4/25/2022,CapHillSE,NO RPZ,24417,11TH AVE BETWEEN E HOWELL ST AND E DENNY WAY,W,23,20,0,0,3,0,0,,
257,1PM,4/25/2022,CapHillSE,NO RPZ,24417,11TH AVE BETWEEN E HOWELL ST AND E DENNY WAY,W,19,17,0,0,2,0,0,,
282,2PM,4/25/2022,CapHillSE,NO RPZ,24417,11TH AVE BETWEEN E HOWELL ST AND E DENNY WAY,W,14,13,0,0,1,0,0,,
307,3PM,4/25/2022,CapHillSE,NO RPZ,24417,11TH AVE BETWEEN E HOWELL ST AND E DENNY WAY,W,15,14,0,0,1,0,0,,
332,4PM,4/25/2022,CapHillSE,NO RPZ,24417,11TH AVE BETWEEN E HOWELL ST AND E DENNY WAY,W,20,17,0,0,3,0,0,,
32,5PM,4/25/2022,CapHillSE,NO RPZ,24417,11TH AVE BETWEEN E HOWELL ST AND E DENNY WAY,W,29,27,0,0,2,0,0,,
57,6PM,4/25/2022,CapHillSE,NO RPZ,24417,11TH AVE BETWEEN E HOWELL ST AND E DENNY WAY,W,31,29,0,0,2,0,0,,
82,7PM,4/25/2022,CapHillSE,NO RPZ,24417,11TH AVE BETWEEN E HOWELL ST AND E DENNY WAY,W,13,9,0,0,4,0,0,,
107,8PM,4/25/2022,CapHillSE,NO RPZ,24417,11TH AVE BETWEEN E HOWELL ST AND E DENNY WAY,W,7,7,0,0,0,0,0,,
132,9PM,4/25/2022,CapHillSE,NO RPZ,24417,11TH AVE BETWEEN E HOWELL ST AND E DENNY WAY,W,7,7,0,0,0,0,0,,
12,08AM,4/25/2022,CapHillSW,RPZ 21,32053,BELMONT AVE BETWEEN E PINE ST AND E OLIVE ST,W,8,1,0,7,0,0,0,,
162,09AM,4/25/2022,CapHillSW,RPZ 21,32053,BELMONT AVE BETWEEN E PINE ST AND E OLIVE ST,W,8,1,0,7,0,0,0,,
187,10AM,4/25/2022,CapHillSW,RPZ 21,32053,BELMONT AVE BETWEEN E PINE ST AND E OLIVE ST,W,8,1,0,7,0,0,0,,
212,11AM,4/25/2022,CapHillSW,RPZ 21,32053,BELMONT AVE BETWEEN E PINE ST AND E OLIVE ST,W,9,2,1,7,0,0,0,,
237,12PM,4/25/2022,CapHillSW,RPZ 21,32053,BELMONT AVE BETWEEN E PINE ST AND E OLIVE ST,W,8,0,0,8,0,0,0,,
262,1PM,4/25/2022,CapHillSW,RPZ 21,32053,BELMONT AVE BETWEEN E PINE ST AND E OLIVE ST,W,11,2,0,9,0,0,0,,
287,2PM,4/25/2022,CapHillSW,RPZ 21,32053,BELMONT AVE BETWEEN E PINE ST AND E OLIVE ST,W,10,2,0,8,0,0,0,,
312,3PM,4/25/2022,CapHillSW,RPZ 21,32053,BELMONT AVE BETWEEN E PINE ST AND E OLIVE ST,W,12,4,0,8,0,0,0,,
337,4PM,4/25/2022,CapHillSW,RPZ 21,32053,BELMONT AVE BETWEEN E PINE ST AND E OLIVE ST,W,11,2,0,9,0,0,0,,
37,5PM,4/25/2022,CapHillSW,RPZ 21,32053,BELMONT AVE BETWEEN E PINE ST AND E OLIVE ST,W,12,3,0,9,0,0,0,,
62,6PM,4/25/2022,CapHillSW,RPZ 21,32053,BELMONT AVE BETWEEN E PINE ST AND E OLIVE ST,W,12,3,0,9,0,0,0,,
87,7PM,4/25/2022,CapHillSW,RPZ 21,32053,BELMONT AVE BETWEEN E PINE ST AND E OLIVE ST,W,12,3,1,9,0,0,0,,
112,8PM,4/25/2022,CapHillSW,RPZ 21,32053,BELMONT AVE BETWEEN E PINE ST AND E OLIVE ST,W,12,3,0,9,0,0,1,,
137,9PM,4/25/2022,CapHillSW,RPZ 21,32053,BELMONT AVE BETWEEN E PINE ST AND E OLIVE ST,W,12,2,0,10,0,0,0,,
16,08AM,4/25/2022,CapHillSW,RPZ 21,32054,BELMONT AVE BETWEEN E PINE ST AND E OLIVE ST,E,19,5,0,14,0,0,0,,
166,09AM,4/25/2022,CapHillSW,RPZ 21,32054,BELMONT AVE BETWEEN E PINE ST AND E OLIVE ST,E,18,4,0,14,0,0,0,,
191,10AM,4/25/2022,CapHillSW,RPZ 21,32054,BELMONT AVE BETWEEN E PINE ST AND E OLIVE ST,E,20,5,0,15,0,0,0,,
216,11AM,4/25/2022,CapHillSW,RPZ 21,32054,BELMONT AVE BETWEEN E PINE ST AND E OLIVE ST,E,20,6,0,14,0,0,0,,
241,12PM,4/25/2022,CapHillSW,RPZ 21,32054,BELMONT AVE BETWEEN E PINE ST AND E OLIVE ST,E,20,5,0,15,0,0,0,,
266,1PM,4/25/2022,CapHillSW,RPZ 21,32054,BELMONT AVE BETWEEN E PINE ST AND E OLIVE ST,E,20,5,0,13,2,0,0,,
291,2PM,4/25/2022,CapHillSW,RPZ 21,32054,BELMONT AVE BETWEEN E PINE ST AND E OLIVE ST,E,20,5,0,13,2,0,0,,
316,3PM,4/25/2022,CapHillSW,RPZ 21,32054,BELMONT AVE BETWEEN E PINE ST AND E OLIVE ST,E,21,5,0,15,1,0,0,,
341,4PM,4/25/2022,CapHillSW,RPZ 21,32054,BELMONT AVE BETWEEN E PINE ST AND E OLIVE ST,E,20,4,0,15,1,0,0,,
41,5PM,4/25/2022,CapHillSW,RPZ 21,32054,BELMONT AVE BETWEEN E PINE ST AND E OLIVE ST,E,21,4,0,16,1,0,0,,
66,6PM,4/25/2022,CapHillSW,RPZ 21,32054,BELMONT AVE BETWEEN E PINE ST AND E OLIVE ST,E,22,5,1,16,1,0,0,,
91,7PM,4/25/2022,CapHillSW,RPZ 21,32054,BELMONT AVE BETWEEN E PINE ST AND E OLIVE ST,E,22,5,0,16,1,0,0,,
116,8PM,4/25/2022,CapHillSW,RPZ 21,32054,BELMONT AVE BETWEEN E PINE ST AND E OLIVE ST,E,22,5,1,16,1,0,0,,
141,9PM,4/25/2022,CapHillSW,RPZ 21,32054,BELMONT AVE BETWEEN E PINE ST AND E OLIVE ST,E,20,4,0,16,0,0,0,,
20,08AM,4/25/2022,CapHillSW,RPZ 21,32177,BOYLSTON AVE BETWEEN E PINE ST AND E OLIVE ST,W,5,3,0,2,0,0,0,construction 1/3,https://idax.blob.core.windows.net/images/123099c5-c6ff-4409-91f6-db6bf6743417-mobile.jpg
170,09AM,4/25/2022,CapHillSW,RPZ 21,32177,BOYLSTON AVE BETWEEN E PINE ST AND E OLIVE ST,W,7,6,0,1,0,0,0,construction 1/3,https://idax.blob.core.windows.net/images/d27b16f9-1f2d-4352-a23e-b17453d35287-mobile.jpg
195,10AM,4/25/2022,CapHillSW,RPZ 21,32177,BOYLSTON AVE BETWEEN E PINE ST AND E OLIVE ST,W,5,4,0,1,0,0,1,construction 1/3,
220,11AM,4/25/2022,CapHillSW,RPZ 21,32177,BOYLSTON AVE BETWEEN E PINE ST AND E OLIVE ST,W,5,3,1,2,0,0,0,construction 1/3,
245,12PM,4/25/2022,CapHillSW,RPZ 21,32177,BOYLSTON AVE BETWEEN E PINE ST AND E OLIVE ST,W,7,6,0,1,0,0,0,construction 1/3,
270,1PM,4/25/2022,CapHillSW,RPZ 21,32177,BOYLSTON AVE BETWEEN E PINE ST AND E OLIVE ST,W,4,3,1,1,0,0,0,construction 1/3,
295,2PM,4/25/2022,CapHillSW,RPZ 21,32177,BOYLSTON AVE BETWEEN E PINE ST AND E OLIVE ST,W,7,6,0,1,0,0,0,construction 1/3,
320,3PM,4/25/2022,CapHillSW,RPZ 21,32177,BOYLSTON AVE BETWEEN E PINE ST AND E OLIVE ST,W,5,3,0,2,0,0,0,construction 1/3,
345,4PM,4/25/2022,CapHillSW,RPZ 21,32177,BOYLSTON AVE BETWEEN E PINE ST AND E OLIVE ST,W,7,3,0,4,0,0,0,construction 1/3,
45,5PM,4/25/2022,CapHillSW,RPZ 21,32177,BOYLSTON AVE BETWEEN E PINE ST AND E OLIVE ST,W,7,3,0,4,0,0,0,construction 1/3,
70,6PM,4/25/2022,CapHillSW,RPZ 21,32177,BOYLSTON AVE BETWEEN E PINE ST AND E OLIVE ST,W,9,4,0,5,0,0,0,construction 1/3,
95,7PM,4/25/2022,CapHillSW,RPZ 21,32177,BOYLSTON AVE BETWEEN E PINE ST AND E OLIVE ST,W,11,4,0,7,0,0,0,construction 1/3,
120,8PM,4/25/2022,CapHillSW,RPZ 21,32177,BOYLSTON AVE BETWEEN E PINE ST AND E OLIVE ST,W,10,3,0,7,0,0,0,construction 1/3,
145,9PM,4/25/2022,CapHillSW,RPZ 21,32177,BOYLSTON AVE BETWEEN E PINE ST AND E OLIVE ST,W,10,3,0,7,0,0,0,construction 1/3,
22,08AM,4/25/2022,CapHillSW,NO RPZ,33566,HARVARD AVE BETWEEN E OLIVE ST AND E HOWELL ST,E,0,0,0,0,0,0,0,,
172,09AM,4/25/2022,CapHillSW,NO RPZ,33566,HARVARD AVE BETWEEN E OLIVE ST AND E HOWELL ST,E,0,0,0,0,0,0,0,,
197,10AM,4/25/2022,CapHillSW,NO RPZ,33566,HARVARD AVE BETWEEN E OLIVE ST AND E HOWELL ST,E,0,0,0,0,0,0,3,3 illegals parked infront of driveways,
222,11AM,4/25/2022,CapHillSW,NO RPZ,33566,HARVARD AVE BETWEEN E OLIVE ST AND E HOWELL ST,E,0,0,1,0,0,0,1,,
247,12PM,4/25/2022,CapHillSW,NO RPZ,33566,HARVARD AVE BETWEEN E OLIVE ST AND E HOWELL ST,E,0,0,0,0,0,0,0,,
272,1PM,4/25/2022,CapHillSW,NO RPZ,33566,HARVARD AVE BETWEEN E OLIVE ST AND E HOWELL ST,E,0,0,0,0,0,0,0,,
297,2PM,4/25/2022,CapHillSW,NO RPZ,33566,HARVARD AVE BETWEEN E OLIVE ST AND E HOWELL ST,E,0,0,0,0,0,0,0,,
322,3PM,4/25/2022,CapHillSW,NO RPZ,33566,HARVARD AVE BETWEEN E OLIVE ST AND E HOWELL ST,E,0,0,0,0,0,0,0,,
347,4PM,4/25/2022,CapHillSW,NO RPZ,33566,HARVARD AVE BETWEEN E OLIVE ST AND E HOWELL ST,E,2,2,1,0,0,0,0,,
47,5PM,4/25/2022,CapHillSW,NO RPZ,33566,HARVARD AVE BETWEEN E OLIVE ST AND E HOWELL ST,E,2,2,0,0,0,0,0,,
72,6PM,4/25/2022,CapHillSW,NO RPZ,33566,HARVARD AVE BETWEEN E OLIVE ST AND E HOWELL ST,E,3,3,0,0,0,0,0,,
97,7PM,4/25/2022,CapHillSW,NO RPZ,33566,HARVARD AVE BETWEEN E OLIVE ST AND E HOWELL ST,E,3,3,0,0,0,0,0,,
122,8PM,4/25/2022,CapHillSW,NO RPZ,33566,HARVARD AVE BETWEEN E OLIVE ST AND E HOWELL ST,E,3,3,0,0,0,0,0,,
147,9PM,4/25/2022,CapHillSW,NO RPZ,33566,HARVARD AVE BETWEEN E OLIVE ST AND E HOWELL ST,E,3,3,0,0,0,0,0,,
19,08AM,4/25/2022,CapHillSW,NO RPZ,34569,NAGLE PL BETWEEN E PINE ST AND E OLIVE ST,W,5,5,0,0,0,0,0,,
169,09AM,4/25/2022,CapHillSW,NO RPZ,34569,NAGLE PL BETWEEN E PINE ST AND E OLIVE ST,W,6,6,1,0,0,0,0,,
194,10AM,4/25/2022,CapHillSW,NO RPZ,34569,NAGLE PL BETWEEN E PINE ST AND E OLIVE ST,W,6,6,1,0,0,0,0,,
219,11AM,4/25/2022,CapHillSW,NO RPZ,34569,NAGLE PL BETWEEN E PINE ST AND E OLIVE ST,W,5,5,1,0,0,0,0,,
244,12PM,4/25/2022,CapHillSW,NO RPZ,34569,NAGLE PL BETWEEN E PINE ST AND E OLIVE ST,W,3,3,2,0,0,0,0,,
269,1PM,4/25/2022,CapHillSW,NO RPZ,34569,NAGLE PL BETWEEN E PINE ST AND E OLIVE ST,W,4,4,1,0,0,0,0,,
294,2PM,4/25/2022,CapHillSW,NO RPZ,34569,NAGLE PL BETWEEN E PINE ST AND E OLIVE ST,W,7,6,1,0,1,0,0,,
319,3PM,4/25/2022,CapHillSW,NO RPZ,34569,NAGLE PL BETWEEN E PINE ST AND E OLIVE ST,W,9,9,2,0,0,0,0,,
344,4PM,4/25/2022,CapHillSW,NO RPZ,34569,NAGLE PL BETWEEN E PINE ST AND E OLIVE ST,W,9,9,0,0,0,0,0,,
44,5PM,4/25/2022,CapHillSW,NO RPZ,34569,NAGLE PL BETWEEN E PINE ST AND E OLIVE ST,W,9,9,2,0,0,0,0,,
69,6PM,4/25/2022,CapHillSW,NO RPZ,34569,NAGLE PL BETWEEN E PINE ST AND E OLIVE ST,W,10,10,0,0,0,0,0,,
94,7PM,4/25/2022,CapHillSW,NO RPZ,34569,NAGLE PL BETWEEN E PINE ST AND E OLIVE ST,W,12,12,0,0,0,0,0,,
119,8PM,4/25/2022,CapHillSW,NO RPZ,34569,NAGLE PL BETWEEN E PINE ST AND E OLIVE ST,W,12,12,0,0,0,0,0,,
144,9PM,4/25/2022,CapHillSW,NO RPZ,34569,NAGLE PL BETWEEN E PINE ST AND E OLIVE ST,W,5,5,0,0,0,0,0,,
15,08AM,4/25/2022,CapHillSW,NO RPZ,54729,BROADWAY BETWEEN E PINE ST AND XW E OLIVE ST,W,2,2,0,0,0,0,0,,
165,09AM,4/25/2022,CapHillSW,NO RPZ,54729,BROADWAY BETWEEN E PINE ST AND XW E OLIVE ST,W,4,2,0,0,2,0,0,,
190,10AM,4/25/2022,CapHillSW,NO RPZ,54729,BROADWAY BETWEEN E PINE ST AND XW E OLIVE ST,W,5,4,0,0,1,0,0,,
215,11AM,4/25/2022,CapHillSW,NO RPZ,54729,BROADWAY BETWEEN E PINE ST AND XW E OLIVE ST,W,6,4,0,0,2,0,0,,
240,12PM,4/25/2022,CapHillSW,NO RPZ,54729,BROADWAY BETWEEN E PINE ST AND XW E OLIVE ST,W,7,6,0,0,1,0,0,,
265,1PM,4/25/2022,CapHillSW,NO RPZ,54729,BROADWAY BETWEEN E PINE ST AND XW E OLIVE ST,W,5,3,0,0,2,0,0,,
290,2PM,4/25/2022,CapHillSW,NO RPZ,54729,BROADWAY BETWEEN E PINE ST AND XW E OLIVE ST,W,7,7,0,0,0,0,0,,
315,3PM,4/25/2022,CapHillSW,NO RPZ,54729,BROADWAY BETWEEN E PINE ST AND XW E OLIVE ST,W,5,5,0,0,0,0,0,,
340,4PM,4/25/2022,CapHillSW,NO RPZ,54729,BROADWAY BETWEEN E PINE ST AND XW E OLIVE ST,W,5,5,0,0,0,0,0,,
40,5PM,4/25/2022,CapHillSW,NO RPZ,54729,BROADWAY BETWEEN E PINE ST AND XW E OLIVE ST,W,6,6,0,0,0,0,0,,
65,6PM,4/25/2022,CapHillSW,NO RPZ,54729,BROADWAY BETWEEN E PINE ST AND XW E OLIVE ST,W,6,6,0,0,0,0,0,,
90,7PM,4/25/2022,CapHillSW,NO RPZ,54729,BROADWAY BETWEEN E PINE ST AND XW E OLIVE ST,W,9,9,0,0,0,0,3,,
115,8PM,4/25/2022,CapHillSW,NO RPZ,54729,BROADWAY BETWEEN E PINE ST AND XW E OLIVE ST,W,9,9,0,0,0,0,1,,
140,9PM,4/25/2022,CapHillSW,NO RPZ,54729,BROADWAY BETWEEN E PINE ST AND XW E OLIVE ST,W,10,10,0,0,0,0,1,,
14,08AM,4/25/2022,CapHillSW,RPZ 4,54730,BROADWAY BETWEEN E PINE ST AND XW E OLIVE ST,E,1,1,0,0,0,0,0,,
164,09AM,4/25/2022,CapHillSW,RPZ 4,54730,BROADWAY BETWEEN E PINE ST AND XW E OLIVE ST,E,6,6,0,0,0,0,0,,
189,10AM,4/25/2022,CapHillSW,RPZ 4,54730,BROADWAY BETWEEN E PINE ST AND XW E OLIVE ST,E,3,3,0,0,0,0,0,,
214,11AM,4/25/2022,CapHillSW,RPZ 4,54730,BROADWAY BETWEEN E PINE ST AND XW E OLIVE ST,E,11,11,0,0,0,0,0,,
239,12PM,4/25/2022,CapHillSW,RPZ 4,54730,BROADWAY BETWEEN E PINE ST AND XW E OLIVE ST,E,11,11,0,0,0,0,0,,
264,1PM,4/25/2022,CapHillSW,RPZ 4,54730,BROADWAY BETWEEN E PINE ST AND XW E OLIVE ST,E,12,12,0,0,0,0,0,,
289,2PM,4/25/2022,CapHillSW,RPZ 4,54730,BROADWAY BETWEEN E PINE ST AND XW E OLIVE ST,E,10,10,1,0,0,0,0,,
314,3PM,4/25/2022,CapHillSW,RPZ 4,54730,BROADWAY BETWEEN E PINE ST AND XW E OLIVE ST,E,12,12,0,0,0,0,0,,
339,4PM,4/25/2022,CapHillSW,RPZ 4,54730,BROADWAY BETWEEN E PINE ST AND XW E OLIVE ST,E,9,10,1,0,-1,0,0,,
39,5PM,4/25/2022,CapHillSW,RPZ 4,54730,BROADWAY BETWEEN E PINE ST AND XW E OLIVE ST,E,9,8,1,0,1,0,0,,
64,6PM,4/25/2022,CapHillSW,RPZ 4,54730,BROADWAY BETWEEN E PINE ST AND XW E OLIVE ST,E,11,11,1,0,0,0,0,,
89,7PM,4/25/2022,CapHillSW,RPZ 4,54730,BROADWAY BETWEEN E PINE ST AND XW E OLIVE ST,E,12,12,2,0,0,0,0,,
114,8PM,4/25/2022,CapHillSW,RPZ 4,54730,BROADWAY BETWEEN E PINE ST AND XW E OLIVE ST,E,10,10,2,0,0,0,0,,
139,9PM,4/25/2022,CapHillSW,RPZ 4,54730,BROADWAY BETWEEN E PINE ST AND XW E OLIVE ST,E,10,10,2,0,0,0,0,,
23,08AM,4/25/2022,CapHillSW,NO RPZ,57269,NAGLE PL BETWEEN E HOWELL ST AND E DENNY WAY,W,5,5,1,0,0,0,0,,
173,09AM,4/25/2022,CapHillSW,NO RPZ,57269,NAGLE PL BETWEEN E HOWELL ST AND E DENNY WAY,W,5,4,1,0,0,1,0,,
198,10AM,4/25/2022,CapHillSW,NO RPZ,57269,NAGLE PL BETWEEN E HOWELL ST AND E DENNY WAY,W,5,4,2,0,0,1,0,,
223,11AM,4/25/2022,CapHillSW,NO RPZ,57269,NAGLE PL BETWEEN E HOWELL ST AND E DENNY WAY,W,7,6,2,0,0,1,0,,
248,12PM,4/25/2022,CapHillSW,NO RPZ,57269,NAGLE PL BETWEEN E HOWELL ST AND E DENNY WAY,W,7,6,3,0,0,1,0,,
273,1PM,4/25/2022,CapHillSW,NO RPZ,57269,NAGLE PL BETWEEN E HOWELL ST AND E DENNY WAY,W,4,4,2,0,0,0,0,,
298,2PM,4/25/2022,CapHillSW,NO RPZ,57269,NAGLE PL BETWEEN E HOWELL ST AND E DENNY WAY,W,4,4,0,0,0,0,0,,
323,3PM,4/25/2022,CapHillSW,NO RPZ,57269,NAGLE PL BETWEEN E HOWELL ST AND E DENNY WAY,W,2,2,0,0,0,0,0,,
348,4PM,4/25/2022,CapHillSW,NO RPZ,57269,NAGLE PL BETWEEN E HOWELL ST AND E DENNY WAY,W,3,3,0,0,0,0,0,,
48,5PM,4/25/2022,CapHillSW,NO RPZ,57269,NAGLE PL BETWEEN E HOWELL ST AND E DENNY WAY,W,4,4,2,0,0,0,0,,
73,6PM,4/25/2022,CapHillSW,NO RPZ,57269,NAGLE PL BETWEEN E HOWELL ST AND E DENNY WAY,W,6,6,1,0,0,0,0,,
98,7PM,4/25/2022,CapHillSW,NO RPZ,57269,NAGLE PL BETWEEN E HOWELL ST AND E DENNY WAY,W,8,8,1,0,0,0,0,,
123,8PM,4/25/2022,CapHillSW,NO RPZ,57269,NAGLE PL BETWEEN E HOWELL ST AND E DENNY WAY,W,9,9,2,0,0,0,1,,
148,9PM,4/25/2022,CapHillSW,NO RPZ,57269,NAGLE PL BETWEEN E HOWELL ST AND E DENNY WAY,W,9,9,1,0,0,0,0,,
5,08AM,4/25/2022,CapHillSE,NO RPZ,59246,E DENNY WAY BETWEEN 10TH AVE E AND 11TH AVE,S,8,6,0,0,1,1,0,,
155,09AM,4/25/2022,CapHillSE,NO RPZ,59246,E DENNY WAY BETWEEN 10TH AVE E AND 11TH AVE,S,9,7,0,0,1,1,0,,
180,10AM,4/25/2022,CapHillSE,NO RPZ,59246,E DENNY WAY BETWEEN 10TH AVE E AND 11TH AVE,S,9,7,0,0,1,1,0,,
205,11AM,4/25/2022,CapHillSE,NO RPZ,59246,E DENNY WAY BETWEEN 10TH AVE E AND 11TH AVE,S,9,7,0,0,1,1,0,,
230,12PM,4/25/2022,CapHillSE,NO RPZ,59246,E DENNY WAY BETWEEN 10TH AVE E AND 11TH AVE,S,8,7,0,0,1,0,0,,
255,1PM,4/25/2022,CapHillSE,NO RPZ,59246,E DENNY WAY BETWEEN 10TH AVE E AND 11TH AVE,S,7,6,0,0,1,0,0,,
280,2PM,4/25/2022,CapHillSE,NO RPZ,59246,E DENNY WAY BETWEEN 10TH AVE E AND 11TH AVE,S,8,7,0,0,0,1,0,,
305,3PM,4/25/2022,CapHillSE,NO RPZ,59246,E DENNY WAY BETWEEN 10TH AVE E AND 11TH AVE,S,8,5,0,0,2,1,0,,
330,4PM,4/25/2022,CapHillSE,NO RPZ,59246,E DENNY WAY BETWEEN 10TH AVE E AND 11TH AVE,S,9,7,0,0,1,1,0,,
30,5PM,4/25/2022,CapHillSE,NO RPZ,59246,E DENNY WAY BETWEEN 10TH AVE E AND 11TH AVE,S,11,9,0,0,1,1,0,,
55,6PM,4/25/2022,CapHillSE,NO RPZ,59246,E DENNY WAY BETWEEN 10TH AVE E AND 11TH AVE,S,13,12,0,0,1,0,0,,
80,7PM,4/25/2022,CapHillSE,NO RPZ,59246,E DENNY WAY BETWEEN 10TH AVE E AND 11TH AVE,S,9,7,0,0,2,0,0,,
105,8PM,4/25/2022,CapHillSE,NO RPZ,59246,E DENNY WAY BETWEEN 10TH AVE E AND 11TH AVE,S,7,7,0,0,0,0,0,,
130,9PM,4/25/2022,CapHillSE,NO RPZ,59246,E DENNY WAY BETWEEN 10TH AVE E AND 11TH AVE,S,8,8,0,0,0,0,0,,
9,08AM,4/25/2022,CapHillSE,NO RPZ,59945,E OLIVE WAY BETWEEN HARVARD AVE E AND BROADWAY E,N,2,2,0,0,0,0,0,,
159,09AM,4/25/2022,CapHillSE,NO RPZ,59945,E OLIVE WAY BETWEEN HARVARD AVE E AND BROADWAY E,N,2,2,0,0,0,0,0,,
184,10AM,4/25/2022,CapHillSE,NO RPZ,59945,E OLIVE WAY BETWEEN HARVARD AVE E AND BROADWAY E,N,4,4,0,0,0,0,0,,
209,11AM,4/25/2022,CapHillSE,NO RPZ,59945,E OLIVE WAY BETWEEN HARVARD AVE E AND BROADWAY E,N,4,4,0,0,0,0,0,,
234,12PM,4/25/2022,CapHillSE,NO RPZ,59945,E OLIVE WAY BETWEEN HARVARD AVE E AND BROADWAY E,N,6,5,0,0,1,0,0,,
259,1PM,4/25/2022,CapHillSE,NO RPZ,59945,E OLIVE WAY BETWEEN HARVARD AVE E AND BROADWAY E,N,6,6,0,0,0,0,0,,
284,2PM,4/25/2022,CapHillSE,NO RPZ,59945,E OLIVE WAY BETWEEN HARVARD AVE E AND BROADWAY E,N,5,5,0,0,0,0,0,,
309,3PM,4/25/2022,CapHillSE,NO RPZ,59945,E OLIVE WAY BETWEEN HARVARD AVE E AND BROADWAY E,N,5,5,0,0,0,0,0,,
334,4PM,4/25/2022,CapHillSE,NO RPZ,59945,E OLIVE WAY BETWEEN HARVARD AVE E AND BROADWAY E,N,0,0,6,0,0,0,0,3 cars north of alley 3 south,https://idax.blob.core.windows.net/images/44504a19-4738-4504-a60a-1f111e777dde-mobile.jpg
34,5PM,4/25/2022,CapHillSE,NO RPZ,59945,E OLIVE WAY BETWEEN HARVARD AVE E AND BROADWAY E,N,0,0,0,0,0,0,0,,
59,6PM,4/25/2022,CapHillSE,NO RPZ,59945,E OLIVE WAY BETWEEN HARVARD AVE E AND BROADWAY E,N,0,0,0,0,0,0,0,,
84,7PM,4/25/2022,CapHillSE,NO RPZ,59945,E OLIVE WAY BETWEEN HARVARD AVE E AND BROADWAY E,N,2,2,0,0,0,0,0,,
109,8PM,4/25/2022,CapHillSE,NO RPZ,59945,E OLIVE WAY BETWEEN HARVARD AVE E AND BROADWAY E,N,0,0,0,0,0,0,0,,
134,9PM,4/25/2022,CapHillSE,NO RPZ,59945,E OLIVE WAY BETWEEN HARVARD AVE E AND BROADWAY E,N,0,0,0,0,0,0,0,,
11,08AM,4/25/2022,CapHillSW,RPZ 21,80953,SUMMIT AVE BETWEEN E PINE ST AND E OLIVE ST,W,6,0,3,6,0,0,0,,
161,09AM,4/25/2022,CapHillSW,RPZ 21,80953,SUMMIT AVE BETWEEN E PINE ST AND E OLIVE ST,W,4,0,3,4,0,0,0,,
186,10AM,4/25/2022,CapHillSW,RPZ 21,80953,SUMMIT AVE BETWEEN E PINE ST AND E OLIVE ST,W,4,0,4,4,0,0,0,,
211,11AM,4/25/2022,CapHillSW,RPZ 21,80953,SUMMIT AVE BETWEEN E PINE ST AND E OLIVE ST,W,6,2,3,4,0,0,0,,
236,12PM,4/25/2022,CapHillSW,RPZ 21,80953,SUMMIT AVE BETWEEN E PINE ST AND E OLIVE ST,W,5,1,1,4,0,0,0,,
261,1PM,4/25/2022,CapHillSW,RPZ 21,80953,SUMMIT AVE BETWEEN E PINE ST AND E OLIVE ST,W,4,0,1,4,0,0,0,,
286,2PM,4/25/2022,CapHillSW,RPZ 21,80953,SUMMIT AVE BETWEEN E PINE ST AND E OLIVE ST,W,5,1,0,3,1,0,0,,
311,3PM,4/25/2022,CapHillSW,RPZ 21,80953,SUMMIT AVE BETWEEN E PINE ST AND E OLIVE ST,W,5,2,2,2,1,0,0,,
336,4PM,4/25/2022,CapHillSW,RPZ 21,80953,SUMMIT AVE BETWEEN E PINE ST AND E OLIVE ST,W,6,2,0,3,1,0,0,,
36,5PM,4/25/2022,CapHillSW,RPZ 21,80953,SUMMIT AVE BETWEEN E PINE ST AND E OLIVE ST,W,7,0,1,6,1,0,0,,
61,6PM,4/25/2022,CapHillSW,RPZ 21,80953,SUMMIT AVE BETWEEN E PINE ST AND E OLIVE ST,W,9,1,1,7,1,0,0,,
86,7PM,4/25/2022,CapHillSW,RPZ 21,80953,SUMMIT AVE BETWEEN E PINE ST AND E OLIVE ST,W,12,1,2,9,2,0,0,,
111,8PM,4/25/2022,CapHillSW,RPZ 21,80953,SUMMIT AVE BETWEEN E PINE ST AND E OLIVE ST,W,12,2,0,9,1,0,0,,
136,9PM,4/25/2022,CapHillSW,RPZ 21,80953,SUMMIT AVE BETWEEN E PINE ST AND E OLIVE ST,W,12,1,0,10,1,0,0,,
18,08AM,4/25/2022,CapHillSW,RPZ 21,80954,SUMMIT AVE BETWEEN E PINE ST AND E OLIVE ST,E,9,4,0,5,0,0,0,,
168,09AM,4/25/2022,CapHillSW,RPZ 21,80954,SUMMIT AVE BETWEEN E PINE ST AND E OLIVE ST,E,8,3,0,5,0,0,0,,
193,10AM,4/25/2022,CapHillSW,RPZ 21,80954,SUMMIT AVE BETWEEN E PINE ST AND E OLIVE ST,E,8,3,0,5,0,0,0,,
218,11AM,4/25/2022,CapHillSW,RPZ 21,80954,SUMMIT AVE BETWEEN E PINE ST AND E OLIVE ST,E,8,3,1,4,0,1,0,,
243,12PM,4/25/2022,CapHillSW,RPZ 21,80954,SUMMIT AVE BETWEEN E PINE ST AND E OLIVE ST,E,9,5,0,4,0,0,0,,
268,1PM,4/25/2022,CapHillSW,RPZ 21,80954,SUMMIT AVE BETWEEN E PINE ST AND E OLIVE ST,E,9,5,1,4,0,0,0,,
293,2PM,4/25/2022,CapHillSW,RPZ 21,80954,SUMMIT AVE BETWEEN E PINE ST AND E OLIVE ST,E,9,4,0,5,0,0,1,,
318,3PM,4/25/2022,CapHillSW,RPZ 21,80954,SUMMIT AVE BETWEEN E PINE ST AND E OLIVE ST,E,8,3,1,5,0,0,0,,
343,4PM,4/25/2022,CapHillSW,RPZ 21,80954,SUMMIT AVE BETWEEN E PINE ST AND E OLIVE ST,E,9,3,1,6,0,0,0,,
43,5PM,4/25/2022,CapHillSW,RPZ 21,80954,SUMMIT AVE BETWEEN E PINE ST AND E OLIVE ST,E,9,3,3,6,0,0,0,,
68,6PM,4/25/2022,CapHillSW,RPZ 21,80954,SUMMIT AVE BETWEEN E PINE ST AND E OLIVE ST,E,10,5,1,5,0,0,0,,
93,7PM,4/25/2022,CapHillSW,RPZ 21,80954,SUMMIT AVE BETWEEN E PINE ST AND E OLIVE ST,E,10,4,0,6,0,0,0,,
118,8PM,4/25/2022,CapHillSW,RPZ 21,80954,SUMMIT AVE BETWEEN E PINE ST AND E OLIVE ST,E,10,5,0,5,0,0,0,,
143,9PM,4/25/2022,CapHillSW,RPZ 21,80954,SUMMIT AVE BETWEEN E PINE ST AND E OLIVE ST,E,10,5,0,5,0,0,0,,
2,08AM,4/25/2022,CapHillSE,NO RPZ,81862,E BARBARA BAILEY WAY BETWEEN NAGLE PL AND 10TH AVE E,S,1,1,0,0,0,0,0,,
152,09AM,4/25/2022,CapHillSE,NO RPZ,81862,E BARBARA BAILEY WAY BETWEEN NAGLE PL AND 10TH AVE E,S,1,1,0,0,0,0,0,,
177,10AM,4/25/2022,CapHillSE,NO RPZ,81862,E BARBARA BAILEY WAY BETWEEN NAGLE PL AND 10TH AVE E,S,2,2,0,0,0,0,0,,
202,11AM,4/25/2022,CapHillSE,NO RPZ,81862,E BARBARA BAILEY WAY BETWEEN NAGLE PL AND 10TH AVE E,S,2,2,0,0,0,0,0,,
227,12PM,4/25/2022,CapHillSE,NO RPZ,81862,E BARBARA BAILEY WAY BETWEEN NAGLE PL AND 10TH AVE E,S,2,2,0,0,0,0,0,,
252,1PM,4/25/2022,CapHillSE,NO RPZ,81862,E BARBARA BAILEY WAY BETWEEN NAGLE PL AND 10TH AVE E,S,2,2,0,0,0,0,0,,
277,2PM,4/25/2022,CapHillSE,NO RPZ,81862,E BARBARA BAILEY WAY BETWEEN NAGLE PL AND 10TH AVE E,S,2,2,0,0,0,0,0,,
302,3PM,4/25/2022,CapHillSE,NO RPZ,81862,E BARBARA BAILEY WAY BETWEEN NAGLE PL AND 10TH AVE E,S,3,3,0,0,0,0,0,,
327,4PM,4/25/2022,CapHillSE,NO RPZ,81862,E BARBARA BAILEY WAY BETWEEN NAGLE PL AND 10TH AVE E,S,1,1,0,0,0,0,0,,
27,5PM,4/25/2022,CapHillSE,NO RPZ,81862,E BARBARA BAILEY WAY BETWEEN NAGLE PL AND 10TH AVE E,S,2,2,0,0,0,0,0,,
52,6PM,4/25/2022,CapHillSE,NO RPZ,81862,E BARBARA BAILEY WAY BETWEEN NAGLE PL AND 10TH AVE E,S,3,3,0,0,0,0,0,,
77,7PM,4/25/2022,CapHillSE,NO RPZ,81862,E BARBARA BAILEY WAY BETWEEN NAGLE PL AND 10TH AVE E,S,0,0,0,0,0,0,0,,
102,8PM,4/25/2022,CapHillSE,NO RPZ,81862,E BARBARA BAILEY WAY BETWEEN NAGLE PL AND 10TH AVE E,S,0,0,0,0,0,0,0,,
127,9PM,4/25/2022,CapHillSE,NO RPZ,81862,E BARBARA BAILEY WAY BETWEEN NAGLE PL AND 10TH AVE E,S,0,0,0,0,0,0,0,,
13,08AM,4/25/2022,CapHillSW,NO RPZ,134101,NAGLE PL BETWEEN E OLIVE ST AND E HOWELL ST,W,2,2,0,0,0,0,0,,
163,09AM,4/25/2022,CapHillSW,NO RPZ,134101,NAGLE PL BETWEEN E OLIVE ST AND E HOWELL ST,W,2,2,0,0,0,0,0,,
188,10AM,4/25/2022,CapHillSW,NO RPZ,134101,NAGLE PL BETWEEN E OLIVE ST AND E HOWELL ST,W,6,6,1,0,0,0,0,,
213,11AM,4/25/2022,CapHillSW,NO RPZ,134101,NAGLE PL BETWEEN E OLIVE ST AND E HOWELL ST,W,7,7,0,0,0,0,0,,
238,12PM,4/25/2022,CapHillSW,NO RPZ,134101,NAGLE PL BETWEEN E OLIVE ST AND E HOWELL ST,W,7,7,0,0,0,0,0,,
263,1PM,4/25/2022,CapHillSW,NO RPZ,134101,NAGLE PL BETWEEN E OLIVE ST AND E HOWELL ST,W,8,8,1,0,0,0,1,,
288,2PM,4/25/2022,CapHillSW,NO RPZ,134101,NAGLE PL BETWEEN E OLIVE ST AND E HOWELL ST,W,8,8,0,0,0,0,0,,
313,3PM,4/25/2022,CapHillSW,NO RPZ,134101,NAGLE PL BETWEEN E OLIVE ST AND E HOWELL ST,W,7,7,0,0,0,0,0,,
338,4PM,4/25/2022,CapHillSW,NO RPZ,134101,NAGLE PL BETWEEN E OLIVE ST AND E HOWELL ST,W,8,8,0,0,0,0,0,,
38,5PM,4/25/2022,CapHillSW,NO RPZ,134101,NAGLE PL BETWEEN E OLIVE ST AND E HOWELL ST,W,7,7,0,0,0,0,0,,
63,6PM,4/25/2022,CapHillSW,NO RPZ,134101,NAGLE PL BETWEEN E OLIVE ST AND E HOWELL ST,W,8,8,3,0,0,0,0,,
88,7PM,4/25/2022,CapHillSW,NO RPZ,134101,NAGLE PL BETWEEN E OLIVE ST AND E HOWELL ST,W,13,13,0,0,0,0,1,,
113,8PM,4/25/2022,CapHillSW,NO RPZ,134101,NAGLE PL BETWEEN E OLIVE ST AND E HOWELL ST,W,11,11,0,0,0,0,0,,
138,9PM,4/25/2022,CapHillSW,NO RPZ,134101,NAGLE PL BETWEEN E OLIVE ST AND E HOWELL ST,W,12,12,0,0,0,0,1,,
