,Time,Date,Route,Label,Element Key,Location,Side of Street,PAID,Load Zone,RPZ for that Block,ADA,Rideshare,ILLEGAL,Notes,Pictures,,,,
299,10AM,10/9/2021,CommCoreFinS,NO RPZ,6170,4TH AVE BETWEEN JEFFERSON ST AND JAMES ST,NE,1,0,0,0,0,0,,,,,,
405,11AM,10/9/2021,CommCoreFinS,NO RPZ,6170,4TH AVE BETWEEN JEFFERSON ST AND JAMES ST,NE,1,0,0,0,0,0,,,,,,
427,12PM,10/9/2021,CommCoreFinS,NO RPZ,6170,4TH AVE BETWEEN JEFFERSON ST AND JAMES ST,NE,0,0,0,0,0,0,,,,,,
449,1PM,10/9/2021,CommCoreFinS,NO RPZ,6170,4TH AVE BETWEEN JEFFERSON ST AND JAMES ST,NE,0,0,0,0,0,0,,,,,,
471,2PM,10/9/2021,CommCoreFinS,NO RPZ,6170,4TH AVE BETWEEN JEFFERSON ST AND JAMES ST,NE,0,0,0,0,0,0,,,,,,
493,3PM,10/9/2021,CommCoreFinS,NO RPZ,6170,4TH AVE BETWEEN JEFFERSON ST AND JAMES ST,NE,0,1,0,0,0,0,,,,,,
515,4PM,10/9/2021,CommCoreFinS,NO RPZ,6170,4TH AVE BETWEEN JEFFERSON ST AND JAMES ST,NE,1,0,0,0,0,0,,,,,,
537,5PM,10/9/2021,CommCoreFinS,NO RPZ,6170,4TH AVE BETWEEN JEFFERSON ST AND JAMES ST,NE,0,0,0,0,0,0,,,,,,
31,6PM,10/9/2021,CommCoreFinS,NO RPZ,6170,4TH AVE BETWEEN JEFFERSON ST AND JAMES ST,NE,0,0,0,0,0,0,,,,,,
53,7PM,10/9/2021,CommCoreFinS,NO RPZ,6170,4TH AVE BETWEEN JEFFERSON ST AND JAMES ST,NE,0,0,0,0,0,0,,,,,,
9,9AM,10/9/2021,CommCoreFinS,NO RPZ,6170,4TH AVE BETWEEN JEFFERSON ST AND JAMES ST,NE,1,0,0,0,0,0,bus only except 1 -2 paid load spot, paid is truck taking 2 space,https://idax.blob.core.windows.net/images/abb64969-50c7-47f4-9a93-0f20cb7d8a0b-mobile.jpg,,,
305,10AM,10/9/2021,CommCoreFinS,NO RPZ,6174,4TH AVE BETWEEN JAMES ST AND CHERRY ST,NE,0,0,0,0,0,0,,,,,,
411,11AM,10/9/2021,CommCoreFinS,NO RPZ,6174,4TH AVE BETWEEN JAMES ST AND CHERRY ST,NE,0,0,0,0,0,0,,,,,,
433,12PM,10/9/2021,CommCoreFinS,NO RPZ,6174,4TH AVE BETWEEN JAMES ST AND CHERRY ST,NE,0,0,0,0,0,0,,,,,,
455,1PM,10/9/2021,CommCoreFinS,NO RPZ,6174,4TH AVE BETWEEN JAMES ST AND CHERRY ST,NE,0,0,0,0,0,0,,,,,,
477,2PM,10/9/2021,CommCoreFinS,NO RPZ,6174,4TH AVE BETWEEN JAMES ST AND CHERRY ST,NE,0,0,0,0,0,0,,,,,,
499,3PM,10/9/2021,CommCoreFinS,NO RPZ,6174,4TH AVE BETWEEN JAMES ST AND CHERRY ST,NE,0,0,0,0,0,0,,,,,,
521,4PM,10/9/2021,CommCoreFinS,NO RPZ,6174,4TH AVE BETWEEN JAMES ST AND CHERRY ST,NE,0,0,0,0,0,0,,,,,,
543,5PM,10/9/2021,CommCoreFinS,NO RPZ,6174,4TH AVE BETWEEN JAMES ST AND CHERRY ST,NE,0,0,0,0,0,0,,,,,,
37,6PM,10/9/2021,CommCoreFinS,NO RPZ,6174,4TH AVE BETWEEN JAMES ST AND CHERRY ST,NE,0,0,0,0,0,0,,,,,,
59,7PM,10/9/2021,CommCoreFinS,NO RPZ,6174,4TH AVE BETWEEN JAMES ST AND CHERRY ST,NE,0,0,0,0,0,0,,,,,,
15,9AM,10/9/2021,CommCoreFinS,NO RPZ,6174,4TH AVE BETWEEN JAMES ST AND CHERRY ST,NE,0,0,0,0,0,0,,"https://idax.blob.core.windows.net/images/19352425-de30-4032-911d-2cfb2cc76881-mobile.jpg,https://idax.blob.core.windows.net/images/e710e712-647a-4ea6-ad60-b77ba5c6bb23-mobile.jpg,https://idax.blob.core.windows.net/images/fb0e0ff3-bec3-4d9a-b806-4744762f8685-mobile.jpg",,,,
302,10AM,10/9/2021,CommCoreFinS,NO RPZ,6178,4TH AVE BETWEEN CHERRY ST AND COLUMBIA ST,NE,0,0,0,0,0,0,,,,,,
408,11AM,10/9/2021,CommCoreFinS,NO RPZ,6178,4TH AVE BETWEEN CHERRY ST AND COLUMBIA ST,NE,1,0,0,0,0,0,paid load,,,,,
430,12PM,10/9/2021,CommCoreFinS,NO RPZ,6178,4TH AVE BETWEEN CHERRY ST AND COLUMBIA ST,NE,0,0,0,0,0,0,,,,,,
452,1PM,10/9/2021,CommCoreFinS,NO RPZ,6178,4TH AVE BETWEEN CHERRY ST AND COLUMBIA ST,NE,0,0,0,0,0,0,,,,,,
474,2PM,10/9/2021,CommCoreFinS,NO RPZ,6178,4TH AVE BETWEEN CHERRY ST AND COLUMBIA ST,NE,0,0,0,0,0,0,,,,,,
496,3PM,10/9/2021,CommCoreFinS,NO RPZ,6178,4TH AVE BETWEEN CHERRY ST AND COLUMBIA ST,NE,0,0,0,0,0,0,,,,,,
518,4PM,10/9/2021,CommCoreFinS,NO RPZ,6178,4TH AVE BETWEEN CHERRY ST AND COLUMBIA ST,NE,0,0,0,0,0,0,,,,,,
540,5PM,10/9/2021,CommCoreFinS,NO RPZ,6178,4TH AVE BETWEEN CHERRY ST AND COLUMBIA ST,NE,0,0,0,0,0,0,,,,,,
34,6PM,10/9/2021,CommCoreFinS,NO RPZ,6178,4TH AVE BETWEEN CHERRY ST AND COLUMBIA ST,NE,0,0,0,0,0,0,,,,,,
56,7PM,10/9/2021,CommCoreFinS,NO RPZ,6178,4TH AVE BETWEEN CHERRY ST AND COLUMBIA ST,NE,0,0,0,0,0,0,,,,,,
12,9AM,10/9/2021,CommCoreFinS,NO RPZ,6178,4TH AVE BETWEEN CHERRY ST AND COLUMBIA ST,NE,0,0,0,0,0,0,,https://idax.blob.core.windows.net/images/328b4167-e682-4d43-bbd5-df3bba696d66-mobile.jpg,,,,
95,10AM,10/9/2021,CommCoreFinN,NO RPZ,6186,4TH AVE BETWEEN SPRING ST AND SENECA ST,NE,0,0,0,0,0,0,,,,,,
123,11AM,10/9/2021,CommCoreFinN,NO RPZ,6186,4TH AVE BETWEEN SPRING ST AND SENECA ST,NE,0,0,0,0,0,0,,,,,,
151,12PM,10/9/2021,CommCoreFinN,NO RPZ,6186,4TH AVE BETWEEN SPRING ST AND SENECA ST,NE,0,0,0,0,0,0,,,,,,
179,1PM,10/9/2021,CommCoreFinN,NO RPZ,6186,4TH AVE BETWEEN SPRING ST AND SENECA ST,NE,0,0,0,0,0,1,one person idle in no stop zone,,,,,
207,2PM,10/9/2021,CommCoreFinN,NO RPZ,6186,4TH AVE BETWEEN SPRING ST AND SENECA ST,NE,0,0,0,0,0,0,no paid parking on east side of block ,,,,,
235,3PM,10/9/2021,CommCoreFinN,NO RPZ,6186,4TH AVE BETWEEN SPRING ST AND SENECA ST,NE,0,0,0,0,0,0,no cars, no stops, bus only ,,,
263,4PM,10/9/2021,CommCoreFinN,NO RPZ,6186,4TH AVE BETWEEN SPRING ST AND SENECA ST,NE,0,0,0,0,0,0,no cars, no stops, bus only ,,,
313,5PM,10/9/2021,CommCoreFinN,NO RPZ,6186,4TH AVE BETWEEN SPRING ST AND SENECA ST,NE,0,0,0,0,0,0,no cars, no stops, bus only ,,,
341,6PM,10/9/2021,CommCoreFinN,NO RPZ,6186,4TH AVE BETWEEN SPRING ST AND SENECA ST,NE,0,0,0,0,0,0,no cars, no stops, bus only ,,,
369,7PM,10/9/2021,CommCoreFinN,NO RPZ,6186,4TH AVE BETWEEN SPRING ST AND SENECA ST,NE,0,0,0,0,0,0,no cars, no stops, bus only ,,,
67,9AM,10/9/2021,CommCoreFinN,NO RPZ,6186,4TH AVE BETWEEN SPRING ST AND SENECA ST,NE,0,0,0,0,0,0,one load zone - no parking,,,,,
107,10AM,10/9/2021,CommCoreFinN,NO RPZ,7250,5TH AVE BETWEEN MARION ST AND MADISON ST,NE,5,2,0,3,0,0,,,,,,
135,11AM,10/9/2021,CommCoreFinN,NO RPZ,7250,5TH AVE BETWEEN MARION ST AND MADISON ST,NE,4,2,0,3,0,0,,,,,,
163,12PM,10/9/2021,CommCoreFinN,NO RPZ,7250,5TH AVE BETWEEN MARION ST AND MADISON ST,NE,5,2,0,3,0,0,,,,,,
191,1PM,10/9/2021,CommCoreFinN,NO RPZ,7250,5TH AVE BETWEEN MARION ST AND MADISON ST,NE,5,1,0,3,0,0,,,,,,
219,2PM,10/9/2021,CommCoreFinN,NO RPZ,7250,5TH AVE BETWEEN MARION ST AND MADISON ST,NE,5,2,0,4,0,0,,,,,,
247,3PM,10/9/2021,CommCoreFinN,NO RPZ,7250,5TH AVE BETWEEN MARION ST AND MADISON ST,NE,5,2,0,3,0,0,,,,,,
275,4PM,10/9/2021,CommCoreFinN,NO RPZ,7250,5TH AVE BETWEEN MARION ST AND MADISON ST,NE,5,3,0,2,0,0,,,,,,
325,5PM,10/9/2021,CommCoreFinN,NO RPZ,7250,5TH AVE BETWEEN MARION ST AND MADISON ST,NE,4,2,0,1,0,0,,,,,,
353,6PM,10/9/2021,CommCoreFinN,NO RPZ,7250,5TH AVE BETWEEN MARION ST AND MADISON ST,NE,5,1,0,1,0,0,,,,,,
381,7PM,10/9/2021,CommCoreFinN,NO RPZ,7250,5TH AVE BETWEEN MARION ST AND MADISON ST,NE,2,2,0,1,0,0,,,,,,
79,9AM,10/9/2021,CommCoreFinN,NO RPZ,7250,5TH AVE BETWEEN MARION ST AND MADISON ST,NE,3,2,0,3,0,0,,,,,,
109,10AM,10/9/2021,CommCoreFinN,NO RPZ,9769,COLUMBIA ST BETWEEN 4TH AVE AND 5TH AVE,NW,0,3,0,0,0,0,,,,,,
137,11AM,10/9/2021,CommCoreFinN,NO RPZ,9769,COLUMBIA ST BETWEEN 4TH AVE AND 5TH AVE,NW,0,3,0,0,0,0,,,,,,
165,12PM,10/9/2021,CommCoreFinN,NO RPZ,9769,COLUMBIA ST BETWEEN 4TH AVE AND 5TH AVE,NW,1,4,0,0,0,0,,,,,,
193,1PM,10/9/2021,CommCoreFinN,NO RPZ,9769,COLUMBIA ST BETWEEN 4TH AVE AND 5TH AVE,NW,1,2,0,0,0,0,,,,,,
221,2PM,10/9/2021,CommCoreFinN,NO RPZ,9769,COLUMBIA ST BETWEEN 4TH AVE AND 5TH AVE,NW,2,1,0,0,0,0,,,,,,
249,3PM,10/9/2021,CommCoreFinN,NO RPZ,9769,COLUMBIA ST BETWEEN 4TH AVE AND 5TH AVE,NW,2,0,0,0,0,0,,,,,,
277,4PM,10/9/2021,CommCoreFinN,NO RPZ,9769,COLUMBIA ST BETWEEN 4TH AVE AND 5TH AVE,NW,4,0,0,0,0,0,,,,,,
327,5PM,10/9/2021,CommCoreFinN,NO RPZ,9769,COLUMBIA ST BETWEEN 4TH AVE AND 5TH AVE,NW,2,0,0,1,0,0,,,,,,
355,6PM,10/9/2021,CommCoreFinN,NO RPZ,9769,COLUMBIA ST BETWEEN 4TH AVE AND 5TH AVE,NW,2,0,0,1,0,0,,,,,,
383,7PM,10/9/2021,CommCoreFinN,NO RPZ,9769,COLUMBIA ST BETWEEN 4TH AVE AND 5TH AVE,NW,1,0,0,1,0,0,,,,,,
81,9AM,10/9/2021,CommCoreFinN,NO RPZ,9769,COLUMBIA ST BETWEEN 4TH AVE AND 5TH AVE,NW,0,3,0,0,0,0,load zones - non-con vehicles are paid,https://idax.blob.core.windows.net/images/27bd57cd-e3e0-43ed-b962-4cde9775fb6f-mobile.jpg,,,,
294,10AM,10/9/2021,CommCoreFinS,NO RPZ,9770,COLUMBIA ST BETWEEN 4TH AVE AND 5TH AVE,SE,3,0,0,1,0,0,,,,,,
400,11AM,10/9/2021,CommCoreFinS,NO RPZ,9770,COLUMBIA ST BETWEEN 4TH AVE AND 5TH AVE,SE,2,2,0,1,0,0,,,,,,
422,12PM,10/9/2021,CommCoreFinS,NO RPZ,9770,COLUMBIA ST BETWEEN 4TH AVE AND 5TH AVE,SE,4,2,0,0,0,0,,,,,,
444,1PM,10/9/2021,CommCoreFinS,NO RPZ,9770,COLUMBIA ST BETWEEN 4TH AVE AND 5TH AVE,SE,1,2,0,0,0,0,,,,,,
466,2PM,10/9/2021,CommCoreFinS,NO RPZ,9770,COLUMBIA ST BETWEEN 4TH AVE AND 5TH AVE,SE,3,1,0,0,0,0,,,,,,
488,3PM,10/9/2021,CommCoreFinS,NO RPZ,9770,COLUMBIA ST BETWEEN 4TH AVE AND 5TH AVE,SE,4,1,0,0,0,0,,,,,,
510,4PM,10/9/2021,CommCoreFinS,NO RPZ,9770,COLUMBIA ST BETWEEN 4TH AVE AND 5TH AVE,SE,5,0,0,0,0,0,,,,,,
532,5PM,10/9/2021,CommCoreFinS,NO RPZ,9770,COLUMBIA ST BETWEEN 4TH AVE AND 5TH AVE,SE,4,1,0,0,0,0,,,,,,
26,6PM,10/9/2021,CommCoreFinS,NO RPZ,9770,COLUMBIA ST BETWEEN 4TH AVE AND 5TH AVE,SE,3,0,0,0,0,0,,,,,,
48,7PM,10/9/2021,CommCoreFinS,NO RPZ,9770,COLUMBIA ST BETWEEN 4TH AVE AND 5TH AVE,SE,4,0,0,0,0,0,,,,,,
4,9AM,10/9/2021,CommCoreFinS,NO RPZ,9770,COLUMBIA ST BETWEEN 4TH AVE AND 5TH AVE,SE,4,1,0,1,0,0,,"https://idax.blob.core.windows.net/images/5630dddf-7b59-42d1-8cad-d73716997c7a-mobile.jpg,https://idax.blob.core.windows.net/images/21529dd7-84ac-486c-b662-3239e20fac74-mobile.jpg",,,,
301,10AM,10/9/2021,CommCoreFinS,NO RPZ,11118,JEFFERSON ST BETWEEN 4TH AVE AND 5TH AVE,SE,14,0,0,2,0,0,,,,,,
407,11AM,10/9/2021,CommCoreFinS,NO RPZ,11118,JEFFERSON ST BETWEEN 4TH AVE AND 5TH AVE,SE,14,0,0,2,0,0,,,,,,
429,12PM,10/9/2021,CommCoreFinS,NO RPZ,11118,JEFFERSON ST BETWEEN 4TH AVE AND 5TH AVE,SE,11,0,0,2,0,0,,,,,,
451,1PM,10/9/2021,CommCoreFinS,NO RPZ,11118,JEFFERSON ST BETWEEN 4TH AVE AND 5TH AVE,SE,10,0,0,1,0,0,,,,,,
473,2PM,10/9/2021,CommCoreFinS,NO RPZ,11118,JEFFERSON ST BETWEEN 4TH AVE AND 5TH AVE,SE,14,0,0,1,0,0,,,,,,
495,3PM,10/9/2021,CommCoreFinS,NO RPZ,11118,JEFFERSON ST BETWEEN 4TH AVE AND 5TH AVE,SE,9,0,0,2,0,1,,,,,,
517,4PM,10/9/2021,CommCoreFinS,NO RPZ,11118,JEFFERSON ST BETWEEN 4TH AVE AND 5TH AVE,SE,12,0,0,1,0,0,,,,,,
539,5PM,10/9/2021,CommCoreFinS,NO RPZ,11118,JEFFERSON ST BETWEEN 4TH AVE AND 5TH AVE,SE,11,0,0,1,0,0,,,,,,
33,6PM,10/9/2021,CommCoreFinS,NO RPZ,11118,JEFFERSON ST BETWEEN 4TH AVE AND 5TH AVE,SE,5,0,0,2,0,0,,,,,,
55,7PM,10/9/2021,CommCoreFinS,NO RPZ,11118,JEFFERSON ST BETWEEN 4TH AVE AND 5TH AVE,SE,3,0,0,1,0,0,,,,,,
11,9AM,10/9/2021,CommCoreFinS,NO RPZ,11118,JEFFERSON ST BETWEEN 4TH AVE AND 5TH AVE,SE,13,0,0,2,0,0,back in parking, 1 paid is accident car probably not moving today,"https://idax.blob.core.windows.net/images/a1ba9c56-2024-4719-add3-ad62ae52dfa9-mobile.jpg,https://idax.blob.core.windows.net/images/ddbeb2fb-1fcc-4681-b9ea-648753875aec-mobile.jpg",,,
113,10AM,10/9/2021,CommCoreFinN,NO RPZ,11665,MARION ST BETWEEN 4TH AVE AND 5TH AVE,NW,6,0,0,2,0,0,,,,,,
141,11AM,10/9/2021,CommCoreFinN,NO RPZ,11665,MARION ST BETWEEN 4TH AVE AND 5TH AVE,NW,5,0,0,3,0,0,,,,,,
169,12PM,10/9/2021,CommCoreFinN,NO RPZ,11665,MARION ST BETWEEN 4TH AVE AND 5TH AVE,NW,5,0,0,3,0,0,,,,,,
197,1PM,10/9/2021,CommCoreFinN,NO RPZ,11665,MARION ST BETWEEN 4TH AVE AND 5TH AVE,NW,5,0,0,3,0,0,,,,,,
225,2PM,10/9/2021,CommCoreFinN,NO RPZ,11665,MARION ST BETWEEN 4TH AVE AND 5TH AVE,NW,6,0,0,3,0,0,,,,,,
253,3PM,10/9/2021,CommCoreFinN,NO RPZ,11665,MARION ST BETWEEN 4TH AVE AND 5TH AVE,NW,5,0,0,2,0,0,,,,,,
281,4PM,10/9/2021,CommCoreFinN,NO RPZ,11665,MARION ST BETWEEN 4TH AVE AND 5TH AVE,NW,6,0,0,3,0,1,one car parked illegal no stops zone ,,,,,
331,5PM,10/9/2021,CommCoreFinN,NO RPZ,11665,MARION ST BETWEEN 4TH AVE AND 5TH AVE,NW,7,0,0,1,0,0,,,,,,
359,6PM,10/9/2021,CommCoreFinN,NO RPZ,11665,MARION ST BETWEEN 4TH AVE AND 5TH AVE,NW,7,0,0,1,0,0,,,,,,
387,7PM,10/9/2021,CommCoreFinN,NO RPZ,11665,MARION ST BETWEEN 4TH AVE AND 5TH AVE,NW,5,0,0,1,0,0,,,,,,
85,9AM,10/9/2021,CommCoreFinN,NO RPZ,11665,MARION ST BETWEEN 4TH AVE AND 5TH AVE,NW,6,0,0,2,0,0,,,,,,
303,10AM,10/9/2021,CommCoreFinS,NO RPZ,30685,6TH AVE BETWEEN CHERRY ST AND COLUMBIA ST,SW,0,4,0,0,0,0,,,,,,
409,11AM,10/9/2021,CommCoreFinS,NO RPZ,30685,6TH AVE BETWEEN CHERRY ST AND COLUMBIA ST,SW,0,3,0,0,0,0,,,,,,
431,12PM,10/9/2021,CommCoreFinS,NO RPZ,30685,6TH AVE BETWEEN CHERRY ST AND COLUMBIA ST,SW,0,1,0,0,0,0,,,,,,
453,1PM,10/9/2021,CommCoreFinS,NO RPZ,30685,6TH AVE BETWEEN CHERRY ST AND COLUMBIA ST,SW,0,2,0,0,0,0,1 always uncounted sdot vehicle in load all day,,,,,
475,2PM,10/9/2021,CommCoreFinS,NO RPZ,30685,6TH AVE BETWEEN CHERRY ST AND COLUMBIA ST,SW,0,1,0,0,0,0,,,,,,
497,3PM,10/9/2021,CommCoreFinS,NO RPZ,30685,6TH AVE BETWEEN CHERRY ST AND COLUMBIA ST,SW,0,1,0,0,0,0,,,,,,
519,4PM,10/9/2021,CommCoreFinS,NO RPZ,30685,6TH AVE BETWEEN CHERRY ST AND COLUMBIA ST,SW,1,1,0,0,0,0,,,,,,
541,5PM,10/9/2021,CommCoreFinS,NO RPZ,30685,6TH AVE BETWEEN CHERRY ST AND COLUMBIA ST,SW,0,1,0,0,0,0,,,,,,
35,6PM,10/9/2021,CommCoreFinS,NO RPZ,30685,6TH AVE BETWEEN CHERRY ST AND COLUMBIA ST,SW,0,0,0,0,0,0,,,,,,
57,7PM,10/9/2021,CommCoreFinS,NO RPZ,30685,6TH AVE BETWEEN CHERRY ST AND COLUMBIA ST,SW,0,0,0,0,0,0,,,,,,
13,9AM,10/9/2021,CommCoreFinS,NO RPZ,30685,6TH AVE BETWEEN CHERRY ST AND COLUMBIA ST,SW,0,3,0,1,0,0,1 load us prob illegal   idling car in load space for large vehicle, sdot veh not counted,"https://idax.blob.core.windows.net/images/e9ad5566-8865-45bf-8848-55628f6491e7-mobile.jpg,https://idax.blob.core.windows.net/images/71d9cb52-6de8-43bb-beeb-dce94079eed2-mobile.jpg,https://idax.blob.core.windows.net/images/9e9f484b-a62b-4dc7-8fb6-bf565270da8f-mobile.jpg,https://idax.blob.core.windows.net/images/4fd09e3e-86a4-4909-946c-d6f80f332485-mobile.jpg",,,
308,10AM,10/9/2021,CommCoreFinS,NO RPZ,32549,COLUMBIA ST BETWEEN 2ND AVE AND 3RD AVE,NW,0,0,0,0,0,0,,,,,,
414,11AM,10/9/2021,CommCoreFinS,NO RPZ,32549,COLUMBIA ST BETWEEN 2ND AVE AND 3RD AVE,NW,0,0,0,0,0,0,,,,,,
436,12PM,10/9/2021,CommCoreFinS,NO RPZ,32549,COLUMBIA ST BETWEEN 2ND AVE AND 3RD AVE,NW,0,0,0,0,0,0,,,,,,
458,1PM,10/9/2021,CommCoreFinS,NO RPZ,32549,COLUMBIA ST BETWEEN 2ND AVE AND 3RD AVE,NW,0,0,0,0,0,0,,,,,,
480,2PM,10/9/2021,CommCoreFinS,NO RPZ,32549,COLUMBIA ST BETWEEN 2ND AVE AND 3RD AVE,NW,0,0,0,0,0,0,,,,,,
502,3PM,10/9/2021,CommCoreFinS,NO RPZ,32549,COLUMBIA ST BETWEEN 2ND AVE AND 3RD AVE,NW,0,0,0,0,0,0,,,,,,
524,4PM,10/9/2021,CommCoreFinS,NO RPZ,32549,COLUMBIA ST BETWEEN 2ND AVE AND 3RD AVE,NW,0,0,0,0,0,0,,,,,,
546,5PM,10/9/2021,CommCoreFinS,NO RPZ,32549,COLUMBIA ST BETWEEN 2ND AVE AND 3RD AVE,NW,0,0,0,0,0,0,,,,,,
40,6PM,10/9/2021,CommCoreFinS,NO RPZ,32549,COLUMBIA ST BETWEEN 2ND AVE AND 3RD AVE,NW,0,0,0,0,0,0,,,,,,
62,7PM,10/9/2021,CommCoreFinS,NO RPZ,32549,COLUMBIA ST BETWEEN 2ND AVE AND 3RD AVE,NW,3,0,0,0,0,0,,,,,,
18,9AM,10/9/2021,CommCoreFinS,NO RPZ,32549,COLUMBIA ST BETWEEN 2ND AVE AND 3RD AVE,NW,0,0,0,0,0,0,load yellow paint but no sign or pay kiosk , only signs  for no parking on West end,https://idax.blob.core.windows.net/images/9a0dca96-b99d-420e-bc20-b8ffdbe10dc9-mobile.jpg,,,
117,10AM,10/9/2021,CommCoreFinN,NO RPZ,34214,MADISON ST BETWEEN 3RD AVE AND 4TH AVE,SE,0,0,0,0,0,0,,,,,,
145,11AM,10/9/2021,CommCoreFinN,NO RPZ,34214,MADISON ST BETWEEN 3RD AVE AND 4TH AVE,SE,0,0,0,0,0,0,,,,,,
173,12PM,10/9/2021,CommCoreFinN,NO RPZ,34214,MADISON ST BETWEEN 3RD AVE AND 4TH AVE,SE,0,0,0,0,0,0,,,,,,
201,1PM,10/9/2021,CommCoreFinN,NO RPZ,34214,MADISON ST BETWEEN 3RD AVE AND 4TH AVE,SE,0,0,0,0,0,0,,,,,,
229,2PM,10/9/2021,CommCoreFinN,NO RPZ,34214,MADISON ST BETWEEN 3RD AVE AND 4TH AVE,SE,0,0,0,0,0,0,construction no parking ,,,,,
257,3PM,10/9/2021,CommCoreFinN,NO RPZ,34214,MADISON ST BETWEEN 3RD AVE AND 4TH AVE,SE,0,0,0,0,0,0,construction no parking ,,,,,
285,4PM,10/9/2021,CommCoreFinN,NO RPZ,34214,MADISON ST BETWEEN 3RD AVE AND 4TH AVE,SE,0,0,0,0,0,0,construction no parking ,,,,,
335,5PM,10/9/2021,CommCoreFinN,NO RPZ,34214,MADISON ST BETWEEN 3RD AVE AND 4TH AVE,SE,0,0,0,0,0,0,construction no parking ,,,,,
363,6PM,10/9/2021,CommCoreFinN,NO RPZ,34214,MADISON ST BETWEEN 3RD AVE AND 4TH AVE,SE,0,0,0,0,0,0,construction no parking ,,,,,
391,7PM,10/9/2021,CommCoreFinN,NO RPZ,34214,MADISON ST BETWEEN 3RD AVE AND 4TH AVE,SE,0,0,0,0,0,0,construction no parking ,,,,,
89,9AM,10/9/2021,CommCoreFinN,NO RPZ,34214,MADISON ST BETWEEN 3RD AVE AND 4TH AVE,SE,0,0,0,0,0,0,construction no parking ,https://idax.blob.core.windows.net/images/634e77b8-fdf3-4417-82a9-4faf23b0e105-mobile.jpg,,,,
121,10AM,10/9/2021,CommCoreFinN,NO RPZ,34218,MADISON ST BETWEEN 5TH AVE AND 6TH AVE,SE,0,5,0,0,0,0,,,,,,
149,11AM,10/9/2021,CommCoreFinN,NO RPZ,34218,MADISON ST BETWEEN 5TH AVE AND 6TH AVE,SE,0,0,0,0,0,0,,,,,,
177,12PM,10/9/2021,CommCoreFinN,NO RPZ,34218,MADISON ST BETWEEN 5TH AVE AND 6TH AVE,SE,0,0,0,0,0,0,,,,,,
205,1PM,10/9/2021,CommCoreFinN,NO RPZ,34218,MADISON ST BETWEEN 5TH AVE AND 6TH AVE,SE,0,0,0,0,0,0,,,,,,
233,2PM,10/9/2021,CommCoreFinN,NO RPZ,34218,MADISON ST BETWEEN 5TH AVE AND 6TH AVE,SE,0,0,0,0,0,0,no cars ,,,,,
261,3PM,10/9/2021,CommCoreFinN,NO RPZ,34218,MADISON ST BETWEEN 5TH AVE AND 6TH AVE,SE,0,2,0,0,0,0,,,,,,
289,4PM,10/9/2021,CommCoreFinN,NO RPZ,34218,MADISON ST BETWEEN 5TH AVE AND 6TH AVE,SE,0,1,0,0,0,0,,,,,,
339,5PM,10/9/2021,CommCoreFinN,NO RPZ,34218,MADISON ST BETWEEN 5TH AVE AND 6TH AVE,SE,0,1,0,0,0,0,,,,,,
367,6PM,10/9/2021,CommCoreFinN,NO RPZ,34218,MADISON ST BETWEEN 5TH AVE AND 6TH AVE,SE,0,0,0,0,0,0,no cars,,,,,
395,7PM,10/9/2021,CommCoreFinN,NO RPZ,34218,MADISON ST BETWEEN 5TH AVE AND 6TH AVE,SE,0,1,0,0,0,1,temp 24hrs no stop / parking sigange starts 11/15,,,,,
93,9AM,10/9/2021,CommCoreFinN,NO RPZ,34218,MADISON ST BETWEEN 5TH AVE AND 6TH AVE,SE,0,1,0,0,0,0,bo parking - one load zone at east end of block,"https://idax.blob.core.windows.net/images/e00fb5ea-3402-4047-af12-f5c1c22c0c57-mobile.jpg,https://idax.blob.core.windows.net/images/78c7c361-71bd-4f3e-a4e8-0ac46d2d4218-mobile.jpg",,,,
101,10AM,10/9/2021,CommCoreFinN,NO RPZ,35497,SPRING ST BETWEEN 2ND AVE AND 3RD AVE,NW,0,0,0,0,0,0,,,,,,
129,11AM,10/9/2021,CommCoreFinN,NO RPZ,35497,SPRING ST BETWEEN 2ND AVE AND 3RD AVE,NW,0,0,0,0,0,0,,,,,,
157,12PM,10/9/2021,CommCoreFinN,NO RPZ,35497,SPRING ST BETWEEN 2ND AVE AND 3RD AVE,NW,0,0,0,0,0,0,,"https://idax.blob.core.windows.net/images/7dde1e5a-4e1a-4a6a-8b5a-b1c2b72ba52d-mobile.jpg,https://idax.blob.core.windows.net/images/63b1d5bc-36ea-482e-97cd-f33583ab58f8-mobile.jpg",,,,
185,1PM,10/9/2021,CommCoreFinN,NO RPZ,35497,SPRING ST BETWEEN 2ND AVE AND 3RD AVE,NW,5,1,0,0,0,0,one USPS on load zone,https://idax.blob.core.windows.net/images/a8cb9d8a-ec5a-420c-bdbd-c0a6410d18e4-mobile.jpg,,,,
213,2PM,10/9/2021,CommCoreFinN,NO RPZ,35497,SPRING ST BETWEEN 2ND AVE AND 3RD AVE,NW,0,0,0,0,0,0,construction no parking ,,,,,
241,3PM,10/9/2021,CommCoreFinN,NO RPZ,35497,SPRING ST BETWEEN 2ND AVE AND 3RD AVE,NW,0,0,0,0,0,0,construction no parking ,,,,,
269,4PM,10/9/2021,CommCoreFinN,NO RPZ,35497,SPRING ST BETWEEN 2ND AVE AND 3RD AVE,NW,0,0,0,0,0,0,construction no parking ,,,,,
319,5PM,10/9/2021,CommCoreFinN,NO RPZ,35497,SPRING ST BETWEEN 2ND AVE AND 3RD AVE,NW,0,0,0,0,0,0,construction no parking ,,,,,
347,6PM,10/9/2021,CommCoreFinN,NO RPZ,35497,SPRING ST BETWEEN 2ND AVE AND 3RD AVE,NW,0,0,0,0,0,0,construction no parking ,,,,,
375,7PM,10/9/2021,CommCoreFinN,NO RPZ,35497,SPRING ST BETWEEN 2ND AVE AND 3RD AVE,NW,0,0,0,0,0,0,construction no parking ,,,,,
73,9AM,10/9/2021,CommCoreFinN,NO RPZ,35497,SPRING ST BETWEEN 2ND AVE AND 3RD AVE,NW,0,0,0,0,0,0,no parking,https://idax.blob.core.windows.net/images/69a3d1b2-3629-4a00-9202-0f72da53975d-mobile.jpg,,,,
298,10AM,10/9/2021,CommCoreFinS,NO RPZ,36357,YESLER WAY BETWEEN TERRACE ST AND 6TH AVE,N,11,0,0,2,0,0,1 paid is broken-in car which may not move today,https://idax.blob.core.windows.net/images/2f4f9c21-9898-4f82-ac73-1371f803b2fb-mobile.jpg,,,,
404,11AM,10/9/2021,CommCoreFinS,NO RPZ,36357,YESLER WAY BETWEEN TERRACE ST AND 6TH AVE,N,13,0,0,1,0,1,illegal in bus zone,,,,,
426,12PM,10/9/2021,CommCoreFinS,NO RPZ,36357,YESLER WAY BETWEEN TERRACE ST AND 6TH AVE,N,11,0,0,2,0,0,,,,,,
448,1PM,10/9/2021,CommCoreFinS,NO RPZ,36357,YESLER WAY BETWEEN TERRACE ST AND 6TH AVE,N,13,0,0,2,0,0,,,,,,
470,2PM,10/9/2021,CommCoreFinS,NO RPZ,36357,YESLER WAY BETWEEN TERRACE ST AND 6TH AVE,N,10,0,0,1,0,0,,,,,,
492,3PM,10/9/2021,CommCoreFinS,NO RPZ,36357,YESLER WAY BETWEEN TERRACE ST AND 6TH AVE,N,11,0,0,1,0,0,,,,,,
514,4PM,10/9/2021,CommCoreFinS,NO RPZ,36357,YESLER WAY BETWEEN TERRACE ST AND 6TH AVE,N,9,0,0,1,0,0,,,,,,
536,5PM,10/9/2021,CommCoreFinS,NO RPZ,36357,YESLER WAY BETWEEN TERRACE ST AND 6TH AVE,N,7,0,0,1,0,0,,,,,,
30,6PM,10/9/2021,CommCoreFinS,NO RPZ,36357,YESLER WAY BETWEEN TERRACE ST AND 6TH AVE,N,5,0,0,1,0,0,,,,,,
52,7PM,10/9/2021,CommCoreFinS,NO RPZ,36357,YESLER WAY BETWEEN TERRACE ST AND 6TH AVE,N,6,0,0,0,0,1,,,,,,
8,9AM,10/9/2021,CommCoreFinS,NO RPZ,36357,YESLER WAY BETWEEN TERRACE ST AND 6TH AVE,N,11,0,0,2,0,0,,https://idax.blob.core.windows.net/images/3d6f9ffc-c78e-42de-b419-db1298005c5c-mobile.jpg,,,,
306,10AM,10/9/2021,CommCoreFinS,NO RPZ,36358,YESLER WAY BETWEEN TERRACE ST AND 6TH AVE,S,16,0,0,4,0,0,,,,,,
412,11AM,10/9/2021,CommCoreFinS,NO RPZ,36358,YESLER WAY BETWEEN TERRACE ST AND 6TH AVE,S,15,0,0,6,0,0,,,,,,
434,12PM,10/9/2021,CommCoreFinS,NO RPZ,36358,YESLER WAY BETWEEN TERRACE ST AND 6TH AVE,S,15,0,0,3,0,0,,,,,,
456,1PM,10/9/2021,CommCoreFinS,NO RPZ,36358,YESLER WAY BETWEEN TERRACE ST AND 6TH AVE,S,15,0,0,3,0,0,,,,,,
478,2PM,10/9/2021,CommCoreFinS,NO RPZ,36358,YESLER WAY BETWEEN TERRACE ST AND 6TH AVE,S,13,0,0,3,0,0,,,,,,
500,3PM,10/9/2021,CommCoreFinS,NO RPZ,36358,YESLER WAY BETWEEN TERRACE ST AND 6TH AVE,S,18,0,0,4,0,0,,,,,,
522,4PM,10/9/2021,CommCoreFinS,NO RPZ,36358,YESLER WAY BETWEEN TERRACE ST AND 6TH AVE,S,12,0,0,5,0,0,,,,,,
544,5PM,10/9/2021,CommCoreFinS,NO RPZ,36358,YESLER WAY BETWEEN TERRACE ST AND 6TH AVE,S,8,0,0,3,0,0,,,,,,
38,6PM,10/9/2021,CommCoreFinS,NO RPZ,36358,YESLER WAY BETWEEN TERRACE ST AND 6TH AVE,S,10,0,0,2,0,0,,,,,,
60,7PM,10/9/2021,CommCoreFinS,NO RPZ,36358,YESLER WAY BETWEEN TERRACE ST AND 6TH AVE,S,11,0,0,2,0,0,,,,,,
16,9AM,10/9/2021,CommCoreFinS,NO RPZ,36358,YESLER WAY BETWEEN TERRACE ST AND 6TH AVE,S,18,0,0,5,0,0,,,,,,
290,10AM,10/9/2021,CommCoreFinS,NO RPZ,47961,2ND AVE BETWEEN COLUMBIA ST AND MARION ST,SW,1,1,0,0,0,0,,,,,,
396,11AM,10/9/2021,CommCoreFinS,NO RPZ,47961,2ND AVE BETWEEN COLUMBIA ST AND MARION ST,SW,3,1,0,0,0,0,,,,,,
418,12PM,10/9/2021,CommCoreFinS,NO RPZ,47961,2ND AVE BETWEEN COLUMBIA ST AND MARION ST,SW,1,1,0,0,0,0,,,,,,
440,1PM,10/9/2021,CommCoreFinS,NO RPZ,47961,2ND AVE BETWEEN COLUMBIA ST AND MARION ST,SW,2,1,0,0,0,0,,,,,,
462,2PM,10/9/2021,CommCoreFinS,NO RPZ,47961,2ND AVE BETWEEN COLUMBIA ST AND MARION ST,SW,2,0,0,0,0,0,,,,,,
484,3PM,10/9/2021,CommCoreFinS,NO RPZ,47961,2ND AVE BETWEEN COLUMBIA ST AND MARION ST,SW,0,0,0,0,0,0,,,,,,
506,4PM,10/9/2021,CommCoreFinS,NO RPZ,47961,2ND AVE BETWEEN COLUMBIA ST AND MARION ST,SW,0,0,0,0,0,0,,,,,,
528,5PM,10/9/2021,CommCoreFinS,NO RPZ,47961,2ND AVE BETWEEN COLUMBIA ST AND MARION ST,SW,0,0,0,0,0,0,,,,,,
22,6PM,10/9/2021,CommCoreFinS,NO RPZ,47961,2ND AVE BETWEEN COLUMBIA ST AND MARION ST,SW,0,0,0,2,0,0,,,,,,
44,7PM,10/9/2021,CommCoreFinS,NO RPZ,47961,2ND AVE BETWEEN COLUMBIA ST AND MARION ST,SW,4,0,0,0,0,0,,,,,,
0,9AM,10/9/2021,CommCoreFinS,NO RPZ,47961,2ND AVE BETWEEN COLUMBIA ST AND MARION ST,SW,1,0,0,0,0,0,1 paid is idling and on phone, prob not paid,"https://idax.blob.core.windows.net/images/9205c2ca-3a94-4430-b2a6-c6b7d194afe7-mobile.jpg,https://idax.blob.core.windows.net/images/71384a21-9d21-4d4e-83b3-4a5b44d587d2-mobile.jpg,https://idax.blob.core.windows.net/images/3e748ef3-70c6-4553-a0d8-b5827522f256-mobile.jpg,https://idax.blob.core.windows.net/images/36aa41e7-9bf2-4052-8fbf-d5259f03a6ec-mobile.jpg",,,
291,10AM,10/9/2021,CommCoreFinS,NO RPZ,47962,2ND AVE BETWEEN COLUMBIA ST AND MARION ST,NE,5,0,0,1,0,0,,,,,,
397,11AM,10/9/2021,CommCoreFinS,NO RPZ,47962,2ND AVE BETWEEN COLUMBIA ST AND MARION ST,NE,6,0,0,1,0,0,,,,,,
419,12PM,10/9/2021,CommCoreFinS,NO RPZ,47962,2ND AVE BETWEEN COLUMBIA ST AND MARION ST,NE,0,5,0,0,0,0,,,,,,
441,1PM,10/9/2021,CommCoreFinS,NO RPZ,47962,2ND AVE BETWEEN COLUMBIA ST AND MARION ST,NE,5,0,0,0,0,0,,,,,,
463,2PM,10/9/2021,CommCoreFinS,NO RPZ,47962,2ND AVE BETWEEN COLUMBIA ST AND MARION ST,NE,1,1,0,0,0,0,,,,,,
485,3PM,10/9/2021,CommCoreFinS,NO RPZ,47962,2ND AVE BETWEEN COLUMBIA ST AND MARION ST,NE,0,0,0,0,0,0,,,,,,
507,4PM,10/9/2021,CommCoreFinS,NO RPZ,47962,2ND AVE BETWEEN COLUMBIA ST AND MARION ST,NE,3,0,0,0,0,0,,,,,,
529,5PM,10/9/2021,CommCoreFinS,NO RPZ,47962,2ND AVE BETWEEN COLUMBIA ST AND MARION ST,NE,3,0,0,0,0,0,,,,,,
23,6PM,10/9/2021,CommCoreFinS,NO RPZ,47962,2ND AVE BETWEEN COLUMBIA ST AND MARION ST,NE,3,0,0,0,0,0,,,,,,
45,7PM,10/9/2021,CommCoreFinS,NO RPZ,47962,2ND AVE BETWEEN COLUMBIA ST AND MARION ST,NE,6,0,0,2,0,0,,,,,,
1,9AM,10/9/2021,CommCoreFinS,NO RPZ,47962,2ND AVE BETWEEN COLUMBIA ST AND MARION ST,NE,6,0,0,1,0,0,,"https://idax.blob.core.windows.net/images/45fcec8f-b5f6-4887-b928-1f2600121a9e-mobile.jpg,https://idax.blob.core.windows.net/images/4fa37740-afe0-47ee-8940-a7371a907ef3-mobile.jpg",,,,
102,10AM,10/9/2021,CommCoreFinN,NO RPZ,47966,2ND AVE BETWEEN SPRING ST AND SENECA ST,NE,1,1,0,0,0,0,,,,,,
130,11AM,10/9/2021,CommCoreFinN,NO RPZ,47966,2ND AVE BETWEEN SPRING ST AND SENECA ST,NE,5,1,0,0,0,0,,,,,,
158,12PM,10/9/2021,CommCoreFinN,NO RPZ,47966,2ND AVE BETWEEN SPRING ST AND SENECA ST,NE,3,0,0,0,0,0,,,,,,
186,1PM,10/9/2021,CommCoreFinN,NO RPZ,47966,2ND AVE BETWEEN SPRING ST AND SENECA ST,NE,3,2,0,0,0,0,,,,,,
214,2PM,10/9/2021,CommCoreFinN,NO RPZ,47966,2ND AVE BETWEEN SPRING ST AND SENECA ST,NE,4,1,0,0,0,0,,,,,,
242,3PM,10/9/2021,CommCoreFinN,NO RPZ,47966,2ND AVE BETWEEN SPRING ST AND SENECA ST,NE,0,0,0,0,0,1,no stops 3-7p,,,,,
270,4PM,10/9/2021,CommCoreFinN,NO RPZ,47966,2ND AVE BETWEEN SPRING ST AND SENECA ST,NE,0,0,0,0,0,0,no stops 3-7p,,,,,
320,5PM,10/9/2021,CommCoreFinN,NO RPZ,47966,2ND AVE BETWEEN SPRING ST AND SENECA ST,NE,0,0,0,0,0,0,no stops 3-7p,,,,,
348,6PM,10/9/2021,CommCoreFinN,NO RPZ,47966,2ND AVE BETWEEN SPRING ST AND SENECA ST,NE,0,0,0,0,0,0,no stops 3-7p,,,,,
376,7PM,10/9/2021,CommCoreFinN,NO RPZ,47966,2ND AVE BETWEEN SPRING ST AND SENECA ST,NE,0,1,0,0,0,0,,,,,,
74,9AM,10/9/2021,CommCoreFinN,NO RPZ,47966,2ND AVE BETWEEN SPRING ST AND SENECA ST,NE,0,2,0,1,0,0,,https://idax.blob.core.windows.net/images/fb96bf69-3449-42cb-9338-10d5685298f7-mobile.jpg,,,,
309,10AM,10/9/2021,CommCoreFinS,NO RPZ,49634,3RD AVE BETWEEN CHERRY ST AND COLUMBIA ST,NE,0,0,0,0,0,0,,,,,,
415,11AM,10/9/2021,CommCoreFinS,NO RPZ,49634,3RD AVE BETWEEN CHERRY ST AND COLUMBIA ST,NE,0,0,0,0,0,0,,,,,,
437,12PM,10/9/2021,CommCoreFinS,NO RPZ,49634,3RD AVE BETWEEN CHERRY ST AND COLUMBIA ST,NE,0,0,0,0,0,0,,,,,,
459,1PM,10/9/2021,CommCoreFinS,NO RPZ,49634,3RD AVE BETWEEN CHERRY ST AND COLUMBIA ST,NE,0,0,0,0,0,0,,,,,,
481,2PM,10/9/2021,CommCoreFinS,NO RPZ,49634,3RD AVE BETWEEN CHERRY ST AND COLUMBIA ST,NE,0,0,0,0,0,0,,,,,,
503,3PM,10/9/2021,CommCoreFinS,NO RPZ,49634,3RD AVE BETWEEN CHERRY ST AND COLUMBIA ST,NE,0,0,0,0,0,0,,,,,,
525,4PM,10/9/2021,CommCoreFinS,NO RPZ,49634,3RD AVE BETWEEN CHERRY ST AND COLUMBIA ST,NE,0,0,0,0,0,0,,,,,,
547,5PM,10/9/2021,CommCoreFinS,NO RPZ,49634,3RD AVE BETWEEN CHERRY ST AND COLUMBIA ST,NE,0,0,0,0,0,0,,,,,,
41,6PM,10/9/2021,CommCoreFinS,NO RPZ,49634,3RD AVE BETWEEN CHERRY ST AND COLUMBIA ST,NE,0,0,0,0,0,0,,,,,,
63,7PM,10/9/2021,CommCoreFinS,NO RPZ,49634,3RD AVE BETWEEN CHERRY ST AND COLUMBIA ST,NE,0,0,0,0,0,0,,,,,,
19,9AM,10/9/2021,CommCoreFinS,NO RPZ,49634,3RD AVE BETWEEN CHERRY ST AND COLUMBIA ST,NE,0,0,0,0,0,0,,"https://idax.blob.core.windows.net/images/81335187-3a9f-40ff-89fc-eb29b3bd1148-mobile.jpg,https://idax.blob.core.windows.net/images/069a726a-01c8-4b0e-b937-0fc44ef2a104-mobile.jpg",,,,
114,10AM,10/9/2021,CommCoreFinN,NO RPZ,51470,4TH AVE BETWEEN COLUMBIA ST AND MARION ST,NE,4,0,0,1,0,0,,,,,,
142,11AM,10/9/2021,CommCoreFinN,NO RPZ,51470,4TH AVE BETWEEN COLUMBIA ST AND MARION ST,NE,3,0,0,2,0,0,,,,,,
170,12PM,10/9/2021,CommCoreFinN,NO RPZ,51470,4TH AVE BETWEEN COLUMBIA ST AND MARION ST,NE,5,1,0,2,0,0,,,,,,
198,1PM,10/9/2021,CommCoreFinN,NO RPZ,51470,4TH AVE BETWEEN COLUMBIA ST AND MARION ST,NE,4,0,1,0,0,0,,,,,,
226,2PM,10/9/2021,CommCoreFinN,NO RPZ,51470,4TH AVE BETWEEN COLUMBIA ST AND MARION ST,NE,3,0,0,0,0,0,,,,,,
254,3PM,10/9/2021,CommCoreFinN,NO RPZ,51470,4TH AVE BETWEEN COLUMBIA ST AND MARION ST,NE,0,0,0,0,0,0,no stops 3-7p,,,,,
282,4PM,10/9/2021,CommCoreFinN,NO RPZ,51470,4TH AVE BETWEEN COLUMBIA ST AND MARION ST,NE,0,0,0,0,0,0,no stops 3-7p,,,,,
332,5PM,10/9/2021,CommCoreFinN,NO RPZ,51470,4TH AVE BETWEEN COLUMBIA ST AND MARION ST,NE,0,0,0,0,0,0,no stops 3-7p,,,,,
360,6PM,10/9/2021,CommCoreFinN,NO RPZ,51470,4TH AVE BETWEEN COLUMBIA ST AND MARION ST,NE,0,0,0,0,0,0,no stops 3-7p,,,,,
388,7PM,10/9/2021,CommCoreFinN,NO RPZ,51470,4TH AVE BETWEEN COLUMBIA ST AND MARION ST,NE,0,0,0,0,0,0,no cars,,,,,
86,9AM,10/9/2021,CommCoreFinN,NO RPZ,51470,4TH AVE BETWEEN COLUMBIA ST AND MARION ST,NE,4,1,0,1,0,0,,"https://idax.blob.core.windows.net/images/c2d9d809-babb-425f-b226-fd38ea2ebf29-mobile.jpg,https://idax.blob.core.windows.net/images/a581746c-61dd-457c-86a7-ecaa3e67f833-mobile.jpg",,,,
115,10AM,10/9/2021,CommCoreFinN,NO RPZ,51473,4TH AVE BETWEEN MADISON ST AND SPRING ST,SW,0,2,0,1,0,0,,,,,,
143,11AM,10/9/2021,CommCoreFinN,NO RPZ,51473,4TH AVE BETWEEN MADISON ST AND SPRING ST,SW,0,3,0,1,0,0,,,,,,
171,12PM,10/9/2021,CommCoreFinN,NO RPZ,51473,4TH AVE BETWEEN MADISON ST AND SPRING ST,SW,0,3,0,1,0,0,,,,,,
199,1PM,10/9/2021,CommCoreFinN,NO RPZ,51473,4TH AVE BETWEEN MADISON ST AND SPRING ST,SW,2,0,0,1,0,0,,,,,,
227,2PM,10/9/2021,CommCoreFinN,NO RPZ,51473,4TH AVE BETWEEN MADISON ST AND SPRING ST,SW,0,1,0,1,0,0,,,,,,
255,3PM,10/9/2021,CommCoreFinN,NO RPZ,51473,4TH AVE BETWEEN MADISON ST AND SPRING ST,SW,0,4,0,0,0,0,,,,,,
283,4PM,10/9/2021,CommCoreFinN,NO RPZ,51473,4TH AVE BETWEEN MADISON ST AND SPRING ST,SW,0,1,0,0,0,0,,,,,,
333,5PM,10/9/2021,CommCoreFinN,NO RPZ,51473,4TH AVE BETWEEN MADISON ST AND SPRING ST,SW,0,3,0,1,0,0,,,,,,
361,6PM,10/9/2021,CommCoreFinN,NO RPZ,51473,4TH AVE BETWEEN MADISON ST AND SPRING ST,SW,0,0,0,1,0,0,,,,,,
389,7PM,10/9/2021,CommCoreFinN,NO RPZ,51473,4TH AVE BETWEEN MADISON ST AND SPRING ST,SW,0,0,0,1,0,0,,,,,,
87,9AM,10/9/2021,CommCoreFinN,NO RPZ,51473,4TH AVE BETWEEN MADISON ST AND SPRING ST,SW,0,6,0,1,0,0,prime in load zone,"https://idax.blob.core.windows.net/images/d5906d31-849e-4bc6-82e5-6c859fe776bc-mobile.jpg,https://idax.blob.core.windows.net/images/89137022-2988-4a4a-ac00-285d59aee816-mobile.jpg",,,,
99,10AM,10/9/2021,CommCoreFinN,NO RPZ,51474,4TH AVE BETWEEN MADISON ST AND SPRING ST,NE,1,0,0,0,0,0,,,,,,
127,11AM,10/9/2021,CommCoreFinN,NO RPZ,51474,4TH AVE BETWEEN MADISON ST AND SPRING ST,NE,1,2,0,0,0,0,,,,,,
155,12PM,10/9/2021,CommCoreFinN,NO RPZ,51474,4TH AVE BETWEEN MADISON ST AND SPRING ST,NE,2,0,0,1,0,0,,,,,,
183,1PM,10/9/2021,CommCoreFinN,NO RPZ,51474,4TH AVE BETWEEN MADISON ST AND SPRING ST,NE,4,0,0,0,0,0,,,,,,
211,2PM,10/9/2021,CommCoreFinN,NO RPZ,51474,4TH AVE BETWEEN MADISON ST AND SPRING ST,NE,4,0,0,0,0,0,,,,,,
239,3PM,10/9/2021,CommCoreFinN,NO RPZ,51474,4TH AVE BETWEEN MADISON ST AND SPRING ST,NE,0,0,0,0,0,0,no cars, mo stops 3-7p, bus lane only ,,,
267,4PM,10/9/2021,CommCoreFinN,NO RPZ,51474,4TH AVE BETWEEN MADISON ST AND SPRING ST,NE,0,0,0,0,0,0,no stops 3-7p,,,,,
317,5PM,10/9/2021,CommCoreFinN,NO RPZ,51474,4TH AVE BETWEEN MADISON ST AND SPRING ST,NE,0,0,0,0,0,0,no stops 3-7p,,,,,
345,6PM,10/9/2021,CommCoreFinN,NO RPZ,51474,4TH AVE BETWEEN MADISON ST AND SPRING ST,NE,0,0,0,0,0,0,no stops 3-7p,,,,,
373,7PM,10/9/2021,CommCoreFinN,NO RPZ,51474,4TH AVE BETWEEN MADISON ST AND SPRING ST,NE,0,0,0,0,0,0,no cars,,,,,
71,9AM,10/9/2021,CommCoreFinN,NO RPZ,51474,4TH AVE BETWEEN MADISON ST AND SPRING ST,NE,0,0,0,0,0,0,very specific parking times - see pic,https://idax.blob.core.windows.net/images/1db53c2d-7576-4b0f-88a4-bd1c38d0c97d-mobile.jpg,,,,
94,10AM,10/9/2021,CommCoreFinN,NO RPZ,56977,MARION ST BETWEEN 3RD AVE AND 4TH AVE,NW,8,1,0,0,0,0,,,,,,
122,11AM,10/9/2021,CommCoreFinN,NO RPZ,56977,MARION ST BETWEEN 3RD AVE AND 4TH AVE,NW,7,2,0,0,0,0,,,,,,
150,12PM,10/9/2021,CommCoreFinN,NO RPZ,56977,MARION ST BETWEEN 3RD AVE AND 4TH AVE,NW,5,1,0,1,0,0,,,,,,
178,1PM,10/9/2021,CommCoreFinN,NO RPZ,56977,MARION ST BETWEEN 3RD AVE AND 4TH AVE,NW,2,0,0,0,0,0,USPS iyn lod zone,,,,,
206,2PM,10/9/2021,CommCoreFinN,NO RPZ,56977,MARION ST BETWEEN 3RD AVE AND 4TH AVE,NW,4,2,0,1,0,0,,,,,,
234,3PM,10/9/2021,CommCoreFinN,NO RPZ,56977,MARION ST BETWEEN 3RD AVE AND 4TH AVE,NW,0,0,0,0,0,0,no stops 3-7p,,,,,
262,4PM,10/9/2021,CommCoreFinN,NO RPZ,56977,MARION ST BETWEEN 3RD AVE AND 4TH AVE,NW,0,0,0,0,0,0,no stops 3-7p,,,,,
312,5PM,10/9/2021,CommCoreFinN,NO RPZ,56977,MARION ST BETWEEN 3RD AVE AND 4TH AVE,NW,0,0,0,0,0,0,no stops 3-7p,,,,,
340,6PM,10/9/2021,CommCoreFinN,NO RPZ,56977,MARION ST BETWEEN 3RD AVE AND 4TH AVE,NW,0,0,0,0,0,1,no stops 3-7p,,,,,
368,7PM,10/9/2021,CommCoreFinN,NO RPZ,56977,MARION ST BETWEEN 3RD AVE AND 4TH AVE,NW,2,0,0,0,0,0,,,,,,
66,9AM,10/9/2021,CommCoreFinN,NO RPZ,56977,MARION ST BETWEEN 3RD AVE AND 4TH AVE,NW,7,1,0,0,0,0,,"https://idax.blob.core.windows.net/images/33873cb9-e262-474d-82a8-dec53708bada-mobile.jpg,https://idax.blob.core.windows.net/images/ae35ac55-cb51-4fed-ae4c-4404a21a601e-mobile.jpg,https://idax.blob.core.windows.net/images/54ae278b-1da5-4440-b6cc-9694820d3308-mobile.jpg",,,,
98,10AM,10/9/2021,CommCoreFinN,NO RPZ,58177,SPRING ST BETWEEN 3RD AVE AND 4TH AVE,NW,0,0,0,0,0,0,,,,,,
126,11AM,10/9/2021,CommCoreFinN,NO RPZ,58177,SPRING ST BETWEEN 3RD AVE AND 4TH AVE,NW,0,0,0,0,0,0,,,,,,
154,12PM,10/9/2021,CommCoreFinN,NO RPZ,58177,SPRING ST BETWEEN 3RD AVE AND 4TH AVE,NW,0,0,0,0,0,0,,,,,,
182,1PM,10/9/2021,CommCoreFinN,NO RPZ,58177,SPRING ST BETWEEN 3RD AVE AND 4TH AVE,NW,0,0,0,0,0,0,,,,,,
210,2PM,10/9/2021,CommCoreFinN,NO RPZ,58177,SPRING ST BETWEEN 3RD AVE AND 4TH AVE,NW,0,0,0,0,0,0,construction no parking ,,,,,
238,3PM,10/9/2021,CommCoreFinN,NO RPZ,58177,SPRING ST BETWEEN 3RD AVE AND 4TH AVE,NW,0,0,0,0,0,0,construction no parking ,,,,,
266,4PM,10/9/2021,CommCoreFinN,NO RPZ,58177,SPRING ST BETWEEN 3RD AVE AND 4TH AVE,NW,0,0,0,0,0,0,construction no parking ,,,,,
316,5PM,10/9/2021,CommCoreFinN,NO RPZ,58177,SPRING ST BETWEEN 3RD AVE AND 4TH AVE,NW,0,0,0,0,0,0,construction no parking ,,,,,
344,6PM,10/9/2021,CommCoreFinN,NO RPZ,58177,SPRING ST BETWEEN 3RD AVE AND 4TH AVE,NW,0,0,0,0,0,0,construction no parking ,,,,,
372,7PM,10/9/2021,CommCoreFinN,NO RPZ,58177,SPRING ST BETWEEN 3RD AVE AND 4TH AVE,NW,0,0,0,0,0,0,construction no parking ,,,,,
70,9AM,10/9/2021,CommCoreFinN,NO RPZ,58177,SPRING ST BETWEEN 3RD AVE AND 4TH AVE,NW,0,0,0,0,0,0,construction no parking ,"https://idax.blob.core.windows.net/images/51af9e22-d69c-45d7-880d-cf9485c3d052-mobile.jpg,https://idax.blob.core.windows.net/images/4d2838bb-91f2-4d4d-a540-62154a022c33-mobile.jpg",,,,
293,10AM,10/9/2021,CommCoreFinS,NO RPZ,58393,TERRACE ST BETWEEN YESLER WAY AND 5TH AVE,NW,5,0,0,2,0,0,,,,,,
399,11AM,10/9/2021,CommCoreFinS,NO RPZ,58393,TERRACE ST BETWEEN YESLER WAY AND 5TH AVE,NW,4,2,0,3,0,0,,"https://idax.blob.core.windows.net/images/7bf0baef-f443-4a55-87ab-4c5caba3cf49-mobile.jpg,https://idax.blob.core.windows.net/images/a72d7b83-91ed-46a0-842f-83894a18c8c6-mobile.jpg,https://idax.blob.core.windows.net/images/7194d24a-23e3-4726-9fcc-d8083832cc3b-mobile.jpg",,,,
421,12PM,10/9/2021,CommCoreFinS,NO RPZ,58393,TERRACE ST BETWEEN YESLER WAY AND 5TH AVE,NW,5,1,0,3,0,0,,,,,,
443,1PM,10/9/2021,CommCoreFinS,NO RPZ,58393,TERRACE ST BETWEEN YESLER WAY AND 5TH AVE,NW,3,2,0,3,0,0,one load has been in 30 minute school load zone all day,,,,,
465,2PM,10/9/2021,CommCoreFinS,NO RPZ,58393,TERRACE ST BETWEEN YESLER WAY AND 5TH AVE,NW,3,1,0,3,0,0,,,,,,
487,3PM,10/9/2021,CommCoreFinS,NO RPZ,58393,TERRACE ST BETWEEN YESLER WAY AND 5TH AVE,NW,4,0,0,3,0,0,,,,,,
509,4PM,10/9/2021,CommCoreFinS,NO RPZ,58393,TERRACE ST BETWEEN YESLER WAY AND 5TH AVE,NW,2,0,0,3,0,0,,,,,,
531,5PM,10/9/2021,CommCoreFinS,NO RPZ,58393,TERRACE ST BETWEEN YESLER WAY AND 5TH AVE,NW,4,0,0,2,0,0,,,,,,
25,6PM,10/9/2021,CommCoreFinS,NO RPZ,58393,TERRACE ST BETWEEN YESLER WAY AND 5TH AVE,NW,1,0,0,1,0,0,,,,,,
47,7PM,10/9/2021,CommCoreFinS,NO RPZ,58393,TERRACE ST BETWEEN YESLER WAY AND 5TH AVE,NW,1,0,0,0,0,0,,,,,,
3,9AM,10/9/2021,CommCoreFinS,NO RPZ,58393,TERRACE ST BETWEEN YESLER WAY AND 5TH AVE,NW,3,0,0,3,0,0,,,,,,
297,10AM,10/9/2021,CommCoreFinS,NO RPZ,58394,TERRACE ST BETWEEN YESLER WAY AND 5TH AVE,SE,0,0,0,0,0,0,,,,,,
403,11AM,10/9/2021,CommCoreFinS,NO RPZ,58394,TERRACE ST BETWEEN YESLER WAY AND 5TH AVE,SE,0,0,0,0,0,0,,,,,,
425,12PM,10/9/2021,CommCoreFinS,NO RPZ,58394,TERRACE ST BETWEEN YESLER WAY AND 5TH AVE,SE,0,0,0,0,0,0,,,,,,
447,1PM,10/9/2021,CommCoreFinS,NO RPZ,58394,TERRACE ST BETWEEN YESLER WAY AND 5TH AVE,SE,0,0,0,0,0,0,,,,,,
469,2PM,10/9/2021,CommCoreFinS,NO RPZ,58394,TERRACE ST BETWEEN YESLER WAY AND 5TH AVE,SE,0,0,0,0,0,0,,,,,,
491,3PM,10/9/2021,CommCoreFinS,NO RPZ,58394,TERRACE ST BETWEEN YESLER WAY AND 5TH AVE,SE,0,0,0,0,0,0,,,,,,
513,4PM,10/9/2021,CommCoreFinS,NO RPZ,58394,TERRACE ST BETWEEN YESLER WAY AND 5TH AVE,SE,0,0,0,0,0,0,,,,,,
535,5PM,10/9/2021,CommCoreFinS,NO RPZ,58394,TERRACE ST BETWEEN YESLER WAY AND 5TH AVE,SE,0,0,0,0,0,0,,,,,,
29,6PM,10/9/2021,CommCoreFinS,NO RPZ,58394,TERRACE ST BETWEEN YESLER WAY AND 5TH AVE,SE,0,0,0,0,0,0,,,,,,
51,7PM,10/9/2021,CommCoreFinS,NO RPZ,58394,TERRACE ST BETWEEN YESLER WAY AND 5TH AVE,SE,0,0,0,0,0,0,,,,,,
7,9AM,10/9/2021,CommCoreFinS,NO RPZ,58394,TERRACE ST BETWEEN YESLER WAY AND 5TH AVE,SE,0,0,0,0,0,0,bus zone 11 to 7,"https://idax.blob.core.windows.net/images/b5429e89-fa3d-46c7-aeca-482f233aeb0d-mobile.jpg,https://idax.blob.core.windows.net/images/2a22df50-19c3-4db5-9208-bdbf5a5a016b-mobile.jpg",,,,
100,10AM,10/9/2021,CommCoreFinN,NO RPZ,70730,2ND AVE BETWEEN MARION ST AND MADISON ST,NE,2,2,0,0,0,0,,,,,,
128,11AM,10/9/2021,CommCoreFinN,NO RPZ,70730,2ND AVE BETWEEN MARION ST AND MADISON ST,NE,2,2,0,0,0,0,,,,,,
156,12PM,10/9/2021,CommCoreFinN,NO RPZ,70730,2ND AVE BETWEEN MARION ST AND MADISON ST,NE,3,0,0,0,0,0,USPS in load zone,,,,,
184,1PM,10/9/2021,CommCoreFinN,NO RPZ,70730,2ND AVE BETWEEN MARION ST AND MADISON ST,NE,1,0,0,0,0,0,,,,,,
212,2PM,10/9/2021,CommCoreFinN,NO RPZ,70730,2ND AVE BETWEEN MARION ST AND MADISON ST,NE,0,0,0,0,0,0,no cars ,,,,,
240,3PM,10/9/2021,CommCoreFinN,NO RPZ,70730,2ND AVE BETWEEN MARION ST AND MADISON ST,NE,0,0,0,0,0,0,no stops 3-7p,,,,,
268,4PM,10/9/2021,CommCoreFinN,NO RPZ,70730,2ND AVE BETWEEN MARION ST AND MADISON ST,NE,0,0,1,0,0,0,no stops 3-7p,,,,,
318,5PM,10/9/2021,CommCoreFinN,NO RPZ,70730,2ND AVE BETWEEN MARION ST AND MADISON ST,NE,0,0,0,0,0,0,no stops 3-7p,,,,,
346,6PM,10/9/2021,CommCoreFinN,NO RPZ,70730,2ND AVE BETWEEN MARION ST AND MADISON ST,NE,0,0,0,0,0,0,no stops 3-7p,,,,,
374,7PM,10/9/2021,CommCoreFinN,NO RPZ,70730,2ND AVE BETWEEN MARION ST AND MADISON ST,NE,4,0,0,0,0,0,,,,,,
72,9AM,10/9/2021,CommCoreFinN,NO RPZ,70730,2ND AVE BETWEEN MARION ST AND MADISON ST,NE,3,1,0,0,0,0,,https://idax.blob.core.windows.net/images/73a1bb30-7427-4647-8e6c-433739f80d66-mobile.jpg,,,,
103,10AM,10/9/2021,CommCoreFinN,NO RPZ,70734,2ND AVE BETWEEN MADISON ST AND SPRING ST,NE,7,2,0,0,0,0,,,,,,
131,11AM,10/9/2021,CommCoreFinN,NO RPZ,70734,2ND AVE BETWEEN MADISON ST AND SPRING ST,NE,6,3,0,0,0,0,,,,,,
159,12PM,10/9/2021,CommCoreFinN,NO RPZ,70734,2ND AVE BETWEEN MADISON ST AND SPRING ST,NE,6,3,0,0,0,0,,,,,,
187,1PM,10/9/2021,CommCoreFinN,NO RPZ,70734,2ND AVE BETWEEN MADISON ST AND SPRING ST,NE,5,2,0,0,0,0,,,,,,
215,2PM,10/9/2021,CommCoreFinN,NO RPZ,70734,2ND AVE BETWEEN MADISON ST AND SPRING ST,NE,5,4,0,0,0,0,,,,,,
243,3PM,10/9/2021,CommCoreFinN,NO RPZ,70734,2ND AVE BETWEEN MADISON ST AND SPRING ST,NE,0,0,0,0,0,0,no stops 3-7p,,,,,
271,4PM,10/9/2021,CommCoreFinN,NO RPZ,70734,2ND AVE BETWEEN MADISON ST AND SPRING ST,NE,0,0,0,0,0,2,no stops 3-7p,,,,,
321,5PM,10/9/2021,CommCoreFinN,NO RPZ,70734,2ND AVE BETWEEN MADISON ST AND SPRING ST,NE,0,0,0,0,0,3,3 cars parked ollegal, no stops 3-7p,,,,
349,6PM,10/9/2021,CommCoreFinN,NO RPZ,70734,2ND AVE BETWEEN MADISON ST AND SPRING ST,NE,0,0,0,0,0,0,no stops 3-7p,,,,,
377,7PM,10/9/2021,CommCoreFinN,NO RPZ,70734,2ND AVE BETWEEN MADISON ST AND SPRING ST,NE,0,0,0,0,0,0,no cars,,,,,
75,9AM,10/9/2021,CommCoreFinN,NO RPZ,70734,2ND AVE BETWEEN MADISON ST AND SPRING ST,NE,7,0,0,0,0,0,,"https://idax.blob.core.windows.net/images/079deea5-b8d6-4fe2-92d5-6e674cc3df12-mobile.jpg,https://idax.blob.core.windows.net/images/aa8e3853-9dcc-49f8-b3d1-cc35bdfb046e-mobile.jpg",,,,
292,10AM,10/9/2021,CommCoreFinS,NO RPZ,72322,3RD AVE BETWEEN COLUMBIA ST AND MARION ST,NE,0,0,0,0,0,0,,,,,,
398,11AM,10/9/2021,CommCoreFinS,NO RPZ,72322,3RD AVE BETWEEN COLUMBIA ST AND MARION ST,NE,0,0,0,0,0,0,,,,,,
420,12PM,10/9/2021,CommCoreFinS,NO RPZ,72322,3RD AVE BETWEEN COLUMBIA ST AND MARION ST,NE,0,0,0,0,0,0,,,,,,
442,1PM,10/9/2021,CommCoreFinS,NO RPZ,72322,3RD AVE BETWEEN COLUMBIA ST AND MARION ST,NE,0,0,0,0,0,0,,,,,,
464,2PM,10/9/2021,CommCoreFinS,NO RPZ,72322,3RD AVE BETWEEN COLUMBIA ST AND MARION ST,NE,0,0,0,0,0,0,,,,,,
486,3PM,10/9/2021,CommCoreFinS,NO RPZ,72322,3RD AVE BETWEEN COLUMBIA ST AND MARION ST,NE,0,0,0,0,0,0,,,,,,
508,4PM,10/9/2021,CommCoreFinS,NO RPZ,72322,3RD AVE BETWEEN COLUMBIA ST AND MARION ST,NE,0,0,0,0,0,0,,,,,,
530,5PM,10/9/2021,CommCoreFinS,NO RPZ,72322,3RD AVE BETWEEN COLUMBIA ST AND MARION ST,NE,0,0,0,0,0,0,,,,,,
24,6PM,10/9/2021,CommCoreFinS,NO RPZ,72322,3RD AVE BETWEEN COLUMBIA ST AND MARION ST,NE,0,0,0,0,0,0,,,,,,
46,7PM,10/9/2021,CommCoreFinS,NO RPZ,72322,3RD AVE BETWEEN COLUMBIA ST AND MARION ST,NE,0,0,0,0,0,0,,,,,,
2,9AM,10/9/2021,CommCoreFinS,NO RPZ,72322,3RD AVE BETWEEN COLUMBIA ST AND MARION ST,NE,0,0,0,0,0,0,,,,,,
311,10AM,10/9/2021,CommCoreFinS,NO RPZ,75149,5TH AVE BETWEEN TERRACE ST AND JEFFERSON ST,SW,3,1,0,2,0,0,,,,,,
417,11AM,10/9/2021,CommCoreFinS,NO RPZ,75149,5TH AVE BETWEEN TERRACE ST AND JEFFERSON ST,SW,5,3,0,2,0,0,1 paid and one load are persistent county vehicles in space longer than 3 min passenger,,,,,
439,12PM,10/9/2021,CommCoreFinS,NO RPZ,75149,5TH AVE BETWEEN TERRACE ST AND JEFFERSON ST,SW,3,1,0,2,0,0,same vehicle in load,,,,,
461,1PM,10/9/2021,CommCoreFinS,NO RPZ,75149,5TH AVE BETWEEN TERRACE ST AND JEFFERSON ST,SW,2,2,0,2,0,0,1 counted load is ada, 1 load is same King country vehicle,,,,
483,2PM,10/9/2021,CommCoreFinS,NO RPZ,75149,5TH AVE BETWEEN TERRACE ST AND JEFFERSON ST,SW,2,2,0,2,0,0,,,,,,
505,3PM,10/9/2021,CommCoreFinS,NO RPZ,75149,5TH AVE BETWEEN TERRACE ST AND JEFFERSON ST,SW,5,1,0,2,0,0,,,,,,
527,4PM,10/9/2021,CommCoreFinS,NO RPZ,75149,5TH AVE BETWEEN TERRACE ST AND JEFFERSON ST,SW,6,1,0,2,0,0,,,,,,
549,5PM,10/9/2021,CommCoreFinS,NO RPZ,75149,5TH AVE BETWEEN TERRACE ST AND JEFFERSON ST,SW,5,1,0,1,0,0,,,,,,
43,6PM,10/9/2021,CommCoreFinS,NO RPZ,75149,5TH AVE BETWEEN TERRACE ST AND JEFFERSON ST,SW,2,1,0,0,0,0,,,,,,
65,7PM,10/9/2021,CommCoreFinS,NO RPZ,75149,5TH AVE BETWEEN TERRACE ST AND JEFFERSON ST,SW,3,1,0,0,0,0,,,,,,
21,9AM,10/9/2021,CommCoreFinS,NO RPZ,75149,5TH AVE BETWEEN TERRACE ST AND JEFFERSON ST,SW,1,1,0,2,0,0,load is King county human services emergency patrol,"https://idax.blob.core.windows.net/images/32effaf7-bcd4-4270-bfae-34942a435a92-mobile.jpg,https://idax.blob.core.windows.net/images/03c9e0dc-6de6-413a-9841-e87586172b47-mobile.jpg,https://idax.blob.core.windows.net/images/28c65be8-9bed-4f43-b479-c9f354ed6ea0-mobile.jpg",,,,
112,10AM,10/9/2021,CommCoreFinN,NO RPZ,75153,5TH AVE BETWEEN MADISON ST AND SPRING ST,SW,3,1,0,0,0,0,,,,,,
140,11AM,10/9/2021,CommCoreFinN,NO RPZ,75153,5TH AVE BETWEEN MADISON ST AND SPRING ST,SW,4,0,1,1,0,0,,,,,,
168,12PM,10/9/2021,CommCoreFinN,NO RPZ,75153,5TH AVE BETWEEN MADISON ST AND SPRING ST,SW,3,0,0,0,0,0,,,,,,
196,1PM,10/9/2021,CommCoreFinN,NO RPZ,75153,5TH AVE BETWEEN MADISON ST AND SPRING ST,SW,3,1,0,0,0,0,,,,,,
224,2PM,10/9/2021,CommCoreFinN,NO RPZ,75153,5TH AVE BETWEEN MADISON ST AND SPRING ST,SW,1,1,0,0,0,0,,,,,,
252,3PM,10/9/2021,CommCoreFinN,NO RPZ,75153,5TH AVE BETWEEN MADISON ST AND SPRING ST,SW,0,0,0,0,0,1,no stops, 3-7p,,,,
280,4PM,10/9/2021,CommCoreFinN,NO RPZ,75153,5TH AVE BETWEEN MADISON ST AND SPRING ST,SW,0,0,0,0,0,0,no cars,,,,,
330,5PM,10/9/2021,CommCoreFinN,NO RPZ,75153,5TH AVE BETWEEN MADISON ST AND SPRING ST,SW,0,0,0,0,0,0,no cars ,,,,,
358,6PM,10/9/2021,CommCoreFinN,NO RPZ,75153,5TH AVE BETWEEN MADISON ST AND SPRING ST,SW,0,1,0,0,0,0,,,,,,
386,7PM,10/9/2021,CommCoreFinN,NO RPZ,75153,5TH AVE BETWEEN MADISON ST AND SPRING ST,SW,1,0,0,0,0,0,,,,,,
84,9AM,10/9/2021,CommCoreFinN,NO RPZ,75153,5TH AVE BETWEEN MADISON ST AND SPRING ST,SW,1,0,0,0,0,0,,"https://idax.blob.core.windows.net/images/01c48c42-8e56-430d-a837-3cc64ad867b5-mobile.jpg,https://idax.blob.core.windows.net/images/c659853c-5aaf-45f8-9d2a-3b7d4aff1f2e-mobile.jpg",,,,
96,10AM,10/9/2021,CommCoreFinN,NO RPZ,75769,6TH AVE BETWEEN COLUMBIA ST AND MARION ST,SW,10,0,0,1,1,0,,,,,,
124,11AM,10/9/2021,CommCoreFinN,NO RPZ,75769,6TH AVE BETWEEN COLUMBIA ST AND MARION ST,SW,15,0,0,1,1,0,,,,,,
152,12PM,10/9/2021,CommCoreFinN,NO RPZ,75769,6TH AVE BETWEEN COLUMBIA ST AND MARION ST,SW,19,0,0,0,1,0,,,,,,
180,1PM,10/9/2021,CommCoreFinN,NO RPZ,75769,6TH AVE BETWEEN COLUMBIA ST AND MARION ST,SW,14,0,0,2,1,0,,,,,,
208,2PM,10/9/2021,CommCoreFinN,NO RPZ,75769,6TH AVE BETWEEN COLUMBIA ST AND MARION ST,SW,10,0,0,2,1,0,,,,,,
236,3PM,10/9/2021,CommCoreFinN,NO RPZ,75769,6TH AVE BETWEEN COLUMBIA ST AND MARION ST,SW,15,0,0,1,1,1,,,,,,
264,4PM,10/9/2021,CommCoreFinN,NO RPZ,75769,6TH AVE BETWEEN COLUMBIA ST AND MARION ST,SW,13,0,0,1,1,0,,,,,,
314,5PM,10/9/2021,CommCoreFinN,NO RPZ,75769,6TH AVE BETWEEN COLUMBIA ST AND MARION ST,SW,6,0,0,1,1,0,,,,,,
342,6PM,10/9/2021,CommCoreFinN,NO RPZ,75769,6TH AVE BETWEEN COLUMBIA ST AND MARION ST,SW,4,0,0,1,0,0,,,,,,
370,7PM,10/9/2021,CommCoreFinN,NO RPZ,75769,6TH AVE BETWEEN COLUMBIA ST AND MARION ST,SW,1,0,0,1,0,0,,,,,,
68,9AM,10/9/2021,CommCoreFinN,NO RPZ,75769,6TH AVE BETWEEN COLUMBIA ST AND MARION ST,SW,4,0,0,0,1,0,,,,,,
108,10AM,10/9/2021,CommCoreFinN,RPZ 7,75773,6TH AVE BETWEEN MARION ST AND MADISON ST,SW,0,0,0,0,0,0,,,,,,
136,11AM,10/9/2021,CommCoreFinN,RPZ 7,75773,6TH AVE BETWEEN MARION ST AND MADISON ST,SW,0,6,0,0,0,0,,,,,,
164,12PM,10/9/2021,CommCoreFinN,RPZ 7,75773,6TH AVE BETWEEN MARION ST AND MADISON ST,SW,0,2,0,0,0,0,,,,,,
192,1PM,10/9/2021,CommCoreFinN,RPZ 7,75773,6TH AVE BETWEEN MARION ST AND MADISON ST,SW,0,3,0,0,0,0,,,,,,
220,2PM,10/9/2021,CommCoreFinN,RPZ 7,75773,6TH AVE BETWEEN MARION ST AND MADISON ST,SW,0,2,0,0,0,0,,,,,,
248,3PM,10/9/2021,CommCoreFinN,RPZ 7,75773,6TH AVE BETWEEN MARION ST AND MADISON ST,SW,0,2,0,0,0,0,,,,,,
276,4PM,10/9/2021,CommCoreFinN,RPZ 7,75773,6TH AVE BETWEEN MARION ST AND MADISON ST,SW,0,2,0,0,0,0,,,,,,
326,5PM,10/9/2021,CommCoreFinN,RPZ 7,75773,6TH AVE BETWEEN MARION ST AND MADISON ST,SW,0,2,0,0,0,0,,,,,,
354,6PM,10/9/2021,CommCoreFinN,RPZ 7,75773,6TH AVE BETWEEN MARION ST AND MADISON ST,SW,0,2,0,0,0,0,,,,,,
382,7PM,10/9/2021,CommCoreFinN,RPZ 7,75773,6TH AVE BETWEEN MARION ST AND MADISON ST,SW,0,0,0,0,0,0,no cars ,,,,,
80,9AM,10/9/2021,CommCoreFinN,RPZ 7,75773,6TH AVE BETWEEN MARION ST AND MADISON ST,SW,2,1,0,0,0,0,full block is load zones, last sign is PAID load zone,https://idax.blob.core.windows.net/images/f2fdc4c0-4fc5-4675-af71-af56228e06a7-mobile.jpg,,,
296,10AM,10/9/2021,CommCoreFinS,NO RPZ,77549,CHERRY ST BETWEEN 3RD AVE AND 4TH AVE,NW,4,1,0,0,0,0,,,,,,
402,11AM,10/9/2021,CommCoreFinS,NO RPZ,77549,CHERRY ST BETWEEN 3RD AVE AND 4TH AVE,NW,4,0,0,0,0,0,,,,,,
424,12PM,10/9/2021,CommCoreFinS,NO RPZ,77549,CHERRY ST BETWEEN 3RD AVE AND 4TH AVE,NW,3,0,0,0,0,0,,,,,,
446,1PM,10/9/2021,CommCoreFinS,NO RPZ,77549,CHERRY ST BETWEEN 3RD AVE AND 4TH AVE,NW,4,0,0,0,0,0,,,,,,
468,2PM,10/9/2021,CommCoreFinS,NO RPZ,77549,CHERRY ST BETWEEN 3RD AVE AND 4TH AVE,NW,1,0,0,0,0,0,uncounted sdot in load,,,,,
490,3PM,10/9/2021,CommCoreFinS,NO RPZ,77549,CHERRY ST BETWEEN 3RD AVE AND 4TH AVE,NW,0,0,0,0,0,0,,,,,,
512,4PM,10/9/2021,CommCoreFinS,NO RPZ,77549,CHERRY ST BETWEEN 3RD AVE AND 4TH AVE,NW,0,0,0,0,0,0,,,,,,
534,5PM,10/9/2021,CommCoreFinS,NO RPZ,77549,CHERRY ST BETWEEN 3RD AVE AND 4TH AVE,NW,0,0,0,0,0,0,,,,,,
28,6PM,10/9/2021,CommCoreFinS,NO RPZ,77549,CHERRY ST BETWEEN 3RD AVE AND 4TH AVE,NW,0,0,0,0,0,0,,,,,,
50,7PM,10/9/2021,CommCoreFinS,NO RPZ,77549,CHERRY ST BETWEEN 3RD AVE AND 4TH AVE,NW,0,0,0,0,0,0,,,,,,
6,9AM,10/9/2021,CommCoreFinS,NO RPZ,77549,CHERRY ST BETWEEN 3RD AVE AND 4TH AVE,NW,4,0,0,0,0,0,,"https://idax.blob.core.windows.net/images/07e47c1d-3854-4934-8d43-db6c02e34fe6-mobile.jpg,https://idax.blob.core.windows.net/images/ee36bc56-2bf7-4608-bc55-fbe38b5ffa15-mobile.jpg,https://idax.blob.core.windows.net/images/32065f19-bc4d-4107-bbe0-d52ab518f903-mobile.jpg",,,,
300,10AM,10/9/2021,CommCoreFinS,NO RPZ,77550,CHERRY ST BETWEEN 3RD AVE AND 4TH AVE,SE,3,0,0,6,0,0,,,,,,
406,11AM,10/9/2021,CommCoreFinS,NO RPZ,77550,CHERRY ST BETWEEN 3RD AVE AND 4TH AVE,SE,4,0,0,5,0,0,,,,,,
428,12PM,10/9/2021,CommCoreFinS,NO RPZ,77550,CHERRY ST BETWEEN 3RD AVE AND 4TH AVE,SE,4,0,0,4,0,0,,,,,,
450,1PM,10/9/2021,CommCoreFinS,NO RPZ,77550,CHERRY ST BETWEEN 3RD AVE AND 4TH AVE,SE,4,0,0,3,0,0,,,,,,
472,2PM,10/9/2021,CommCoreFinS,NO RPZ,77550,CHERRY ST BETWEEN 3RD AVE AND 4TH AVE,SE,0,0,0,5,0,0,,,,,,
494,3PM,10/9/2021,CommCoreFinS,NO RPZ,77550,CHERRY ST BETWEEN 3RD AVE AND 4TH AVE,SE,0,0,0,5,0,0,,,,,,
516,4PM,10/9/2021,CommCoreFinS,NO RPZ,77550,CHERRY ST BETWEEN 3RD AVE AND 4TH AVE,SE,0,0,0,5,0,0,,,,,,
538,5PM,10/9/2021,CommCoreFinS,NO RPZ,77550,CHERRY ST BETWEEN 3RD AVE AND 4TH AVE,SE,1,0,0,4,0,0,,,,,,
32,6PM,10/9/2021,CommCoreFinS,NO RPZ,77550,CHERRY ST BETWEEN 3RD AVE AND 4TH AVE,SE,0,0,0,2,0,0,,,,,,
54,7PM,10/9/2021,CommCoreFinS,NO RPZ,77550,CHERRY ST BETWEEN 3RD AVE AND 4TH AVE,SE,2,0,0,1,0,0,,,,,,
10,9AM,10/9/2021,CommCoreFinS,NO RPZ,77550,CHERRY ST BETWEEN 3RD AVE AND 4TH AVE,SE,4,0,0,1,0,0,,,,,,
310,10AM,10/9/2021,CommCoreFinS,NO RPZ,77609,COLUMBIA ST BETWEEN 3RD AVE AND 4TH AVE,NW,4,0,0,0,1,0,eyeshadow is in paid load before it becomes paid, , ticketed,,,
416,11AM,10/9/2021,CommCoreFinS,NO RPZ,77609,COLUMBIA ST BETWEEN 3RD AVE AND 4TH AVE,NW,2,0,0,0,1,0,,,,,,
438,12PM,10/9/2021,CommCoreFinS,NO RPZ,77609,COLUMBIA ST BETWEEN 3RD AVE AND 4TH AVE,NW,5,0,0,0,1,0,,,,,,
460,1PM,10/9/2021,CommCoreFinS,NO RPZ,77609,COLUMBIA ST BETWEEN 3RD AVE AND 4TH AVE,NW,3,0,0,0,1,0,,,,,,
482,2PM,10/9/2021,CommCoreFinS,NO RPZ,77609,COLUMBIA ST BETWEEN 3RD AVE AND 4TH AVE,NW,2,0,0,0,1,0,,,,,,
504,3PM,10/9/2021,CommCoreFinS,NO RPZ,77609,COLUMBIA ST BETWEEN 3RD AVE AND 4TH AVE,NW,3,0,0,1,0,0,,,,,,
526,4PM,10/9/2021,CommCoreFinS,NO RPZ,77609,COLUMBIA ST BETWEEN 3RD AVE AND 4TH AVE,NW,2,0,0,0,0,0,,,,,,
548,5PM,10/9/2021,CommCoreFinS,NO RPZ,77609,COLUMBIA ST BETWEEN 3RD AVE AND 4TH AVE,NW,1,0,0,0,0,0,,,,,,
42,6PM,10/9/2021,CommCoreFinS,NO RPZ,77609,COLUMBIA ST BETWEEN 3RD AVE AND 4TH AVE,NW,3,0,0,0,0,0,,,,,,
64,7PM,10/9/2021,CommCoreFinS,NO RPZ,77609,COLUMBIA ST BETWEEN 3RD AVE AND 4TH AVE,NW,3,0,0,0,0,0,,,,,,
20,9AM,10/9/2021,CommCoreFinS,NO RPZ,77609,COLUMBIA ST BETWEEN 3RD AVE AND 4TH AVE,NW,3,0,0,0,1,0,,"https://idax.blob.core.windows.net/images/bc28e2cd-5339-4d0d-8ff4-a9b8401202b2-mobile.jpg,https://idax.blob.core.windows.net/images/c7f5b6e9-5ab9-41fe-9301-82f6465bd8d1-mobile.jpg",,,,
304,10AM,10/9/2021,CommCoreFinS,NO RPZ,77610,COLUMBIA ST BETWEEN 3RD AVE AND 4TH AVE,SE,2,0,0,2,0,0,,,,,,
410,11AM,10/9/2021,CommCoreFinS,NO RPZ,77610,COLUMBIA ST BETWEEN 3RD AVE AND 4TH AVE,SE,4,0,0,0,0,0,,,,,,
432,12PM,10/9/2021,CommCoreFinS,NO RPZ,77610,COLUMBIA ST BETWEEN 3RD AVE AND 4TH AVE,SE,1,0,0,2,0,0,,,,,,
454,1PM,10/9/2021,CommCoreFinS,NO RPZ,77610,COLUMBIA ST BETWEEN 3RD AVE AND 4TH AVE,SE,4,0,0,1,0,0,,,,,,
476,2PM,10/9/2021,CommCoreFinS,NO RPZ,77610,COLUMBIA ST BETWEEN 3RD AVE AND 4TH AVE,SE,3,0,0,1,0,0,1 paid is county,,,,,
498,3PM,10/9/2021,CommCoreFinS,NO RPZ,77610,COLUMBIA ST BETWEEN 3RD AVE AND 4TH AVE,SE,2,0,0,0,0,1,car blocking parking lot entrance,,,,,
520,4PM,10/9/2021,CommCoreFinS,NO RPZ,77610,COLUMBIA ST BETWEEN 3RD AVE AND 4TH AVE,SE,1,0,0,0,0,0,,,,,,
542,5PM,10/9/2021,CommCoreFinS,NO RPZ,77610,COLUMBIA ST BETWEEN 3RD AVE AND 4TH AVE,SE,2,0,0,0,0,0,,,,,,
36,6PM,10/9/2021,CommCoreFinS,NO RPZ,77610,COLUMBIA ST BETWEEN 3RD AVE AND 4TH AVE,SE,3,0,0,0,0,0,,,,,,
58,7PM,10/9/2021,CommCoreFinS,NO RPZ,77610,COLUMBIA ST BETWEEN 3RD AVE AND 4TH AVE,SE,2,0,0,0,0,0,,,,,,
14,9AM,10/9/2021,CommCoreFinS,NO RPZ,77610,COLUMBIA ST BETWEEN 3RD AVE AND 4TH AVE,SE,2,0,0,2,0,0,,https://idax.blob.core.windows.net/images/191436b1-fb5a-4231-a5a5-f0472fdcf429-mobile.jpg,,,,
97,10AM,10/9/2021,CommCoreFinN,NO RPZ,77613,COLUMBIA ST BETWEEN 5TH AVE AND 6TH AVE,NW,3,0,0,0,0,0,,,,,,
125,11AM,10/9/2021,CommCoreFinN,NO RPZ,77613,COLUMBIA ST BETWEEN 5TH AVE AND 6TH AVE,NW,3,0,0,0,0,0,,,,,,
153,12PM,10/9/2021,CommCoreFinN,NO RPZ,77613,COLUMBIA ST BETWEEN 5TH AVE AND 6TH AVE,NW,0,1,0,0,0,1,,,,,,
181,1PM,10/9/2021,CommCoreFinN,NO RPZ,77613,COLUMBIA ST BETWEEN 5TH AVE AND 6TH AVE,NW,0,0,0,0,0,0,,,,,,
209,2PM,10/9/2021,CommCoreFinN,NO RPZ,77613,COLUMBIA ST BETWEEN 5TH AVE AND 6TH AVE,NW,0,0,0,0,0,1,ada car parked, temp no parking,,,,
237,3PM,10/9/2021,CommCoreFinN,NO RPZ,77613,COLUMBIA ST BETWEEN 5TH AVE AND 6TH AVE,NW,0,0,0,0,0,1,temp 24 hrs no parling, one ada car parked all day ,,,,
265,4PM,10/9/2021,CommCoreFinN,NO RPZ,77613,COLUMBIA ST BETWEEN 5TH AVE AND 6TH AVE,NW,0,0,0,0,0,0,no cars , temp no parking ,,,,
315,5PM,10/9/2021,CommCoreFinN,NO RPZ,77613,COLUMBIA ST BETWEEN 5TH AVE AND 6TH AVE,NW,0,0,0,0,0,0,temp no park, no cars,,,,
343,6PM,10/9/2021,CommCoreFinN,NO RPZ,77613,COLUMBIA ST BETWEEN 5TH AVE AND 6TH AVE,NW,0,0,0,0,0,0,temp no park, no cars,,,,
371,7PM,10/9/2021,CommCoreFinN,NO RPZ,77613,COLUMBIA ST BETWEEN 5TH AVE AND 6TH AVE,NW,1,1,0,0,0,0,plus one car in consulate only parking spot ,,,,,
69,9AM,10/9/2021,CommCoreFinN,NO RPZ,77613,COLUMBIA ST BETWEEN 5TH AVE AND 6TH AVE,NW,2,0,0,1,0,0,,"https://idax.blob.core.windows.net/images/ac055809-c326-40ef-a68e-d711a75fa5ec-mobile.jpg,https://idax.blob.core.windows.net/images/ca69ff57-2a97-4dfc-b346-b741a25e8108-mobile.jpg",,,,
307,10AM,10/9/2021,CommCoreFinS,NO RPZ,77614,COLUMBIA ST BETWEEN 5TH AVE AND 6TH AVE,SE,0,8,0,0,0,0,,,,,,
413,11AM,10/9/2021,CommCoreFinS,NO RPZ,77614,COLUMBIA ST BETWEEN 5TH AVE AND 6TH AVE,SE,7,0,0,0,0,0,,,,,,
435,12PM,10/9/2021,CommCoreFinS,NO RPZ,77614,COLUMBIA ST BETWEEN 5TH AVE AND 6TH AVE,SE,0,9,0,0,0,0,,,,,,
457,1PM,10/9/2021,CommCoreFinS,NO RPZ,77614,COLUMBIA ST BETWEEN 5TH AVE AND 6TH AVE,SE,0,8,0,0,0,0,,,,,,
479,2PM,10/9/2021,CommCoreFinS,NO RPZ,77614,COLUMBIA ST BETWEEN 5TH AVE AND 6TH AVE,SE,0,7,0,0,0,0,,,,,,
501,3PM,10/9/2021,CommCoreFinS,NO RPZ,77614,COLUMBIA ST BETWEEN 5TH AVE AND 6TH AVE,SE,0,3,0,0,0,0,,,,,,
523,4PM,10/9/2021,CommCoreFinS,NO RPZ,77614,COLUMBIA ST BETWEEN 5TH AVE AND 6TH AVE,SE,3,0,0,0,0,0,,,,,,
545,5PM,10/9/2021,CommCoreFinS,NO RPZ,77614,COLUMBIA ST BETWEEN 5TH AVE AND 6TH AVE,SE,0,1,0,0,0,0,,,,,,
39,6PM,10/9/2021,CommCoreFinS,NO RPZ,77614,COLUMBIA ST BETWEEN 5TH AVE AND 6TH AVE,SE,0,0,0,0,0,0,,,,,,
61,7PM,10/9/2021,CommCoreFinS,NO RPZ,77614,COLUMBIA ST BETWEEN 5TH AVE AND 6TH AVE,SE,0,1,0,0,0,0,,,,,,
17,9AM,10/9/2021,CommCoreFinS,NO RPZ,77614,COLUMBIA ST BETWEEN 5TH AVE AND 6TH AVE,SE,0,8,0,0,0,0,all load are Seattle city vehicles, sdot, rec, construction services, one space available,"https://idax.blob.core.windows.net/images/0b1c6210-744e-4494-8127-d079807f2d2f-mobile.jpg,https://idax.blob.core.windows.net/images/1faabfde-ceaf-4aa7-b22a-b0c202039763-mobile.jpg,https://idax.blob.core.windows.net/images/16ab83f5-7dc3-470d-b577-f38456eac5de-mobile.jpg,https://idax.blob.core.windows.net/images/1c41c557-030f-4ce4-a0d9-7ef06b29f62c-mobile.jpg,https://idax.blob.core.windows.net/images/cf5bcbbc-74cb-4e56-bd13-487351096779-mobile.jpg"
110,10AM,10/9/2021,CommCoreFinN,NO RPZ,79566,MADISON ST BETWEEN 2ND AVE AND 3RD AVE,SE,0,0,0,0,0,0,,,,,,
138,11AM,10/9/2021,CommCoreFinN,NO RPZ,79566,MADISON ST BETWEEN 2ND AVE AND 3RD AVE,SE,0,0,0,0,0,0,,,,,,
166,12PM,10/9/2021,CommCoreFinN,NO RPZ,79566,MADISON ST BETWEEN 2ND AVE AND 3RD AVE,SE,0,0,0,0,0,0,,,,,,
194,1PM,10/9/2021,CommCoreFinN,NO RPZ,79566,MADISON ST BETWEEN 2ND AVE AND 3RD AVE,SE,0,0,0,0,0,0,,,,,,
222,2PM,10/9/2021,CommCoreFinN,NO RPZ,79566,MADISON ST BETWEEN 2ND AVE AND 3RD AVE,SE,0,0,0,0,0,0,construction no parking ,,,,,
250,3PM,10/9/2021,CommCoreFinN,NO RPZ,79566,MADISON ST BETWEEN 2ND AVE AND 3RD AVE,SE,0,0,0,0,0,0,construction no parking ,,,,,
278,4PM,10/9/2021,CommCoreFinN,NO RPZ,79566,MADISON ST BETWEEN 2ND AVE AND 3RD AVE,SE,0,0,0,0,0,0,construction no parking ,,,,,
328,5PM,10/9/2021,CommCoreFinN,NO RPZ,79566,MADISON ST BETWEEN 2ND AVE AND 3RD AVE,SE,0,0,0,0,0,0,construction no parking ,,,,,
356,6PM,10/9/2021,CommCoreFinN,NO RPZ,79566,MADISON ST BETWEEN 2ND AVE AND 3RD AVE,SE,0,0,0,0,0,0,construction no parking ,,,,,
384,7PM,10/9/2021,CommCoreFinN,NO RPZ,79566,MADISON ST BETWEEN 2ND AVE AND 3RD AVE,SE,0,0,0,0,0,0,construction no parking ,,,,,
82,9AM,10/9/2021,CommCoreFinN,NO RPZ,79566,MADISON ST BETWEEN 2ND AVE AND 3RD AVE,SE,0,0,0,0,0,0,construction no parking ,https://idax.blob.core.windows.net/images/01782b60-da1d-4e08-8295-ed61bae80903-mobile.jpg,,,,
104,10AM,10/9/2021,CommCoreFinN,NO RPZ,79570,MADISON ST BETWEEN 4TH AVE AND 5TH AVE,SE,0,0,0,0,0,0,,,,,,
132,11AM,10/9/2021,CommCoreFinN,NO RPZ,79570,MADISON ST BETWEEN 4TH AVE AND 5TH AVE,SE,0,0,0,0,0,0,,,,,,
160,12PM,10/9/2021,CommCoreFinN,NO RPZ,79570,MADISON ST BETWEEN 4TH AVE AND 5TH AVE,SE,0,0,0,0,0,0,,,,,,
188,1PM,10/9/2021,CommCoreFinN,NO RPZ,79570,MADISON ST BETWEEN 4TH AVE AND 5TH AVE,SE,0,0,0,0,0,0,,,,,,
216,2PM,10/9/2021,CommCoreFinN,NO RPZ,79570,MADISON ST BETWEEN 4TH AVE AND 5TH AVE,SE,0,0,0,0,0,0,construction no parking ,,,,,
244,3PM,10/9/2021,CommCoreFinN,NO RPZ,79570,MADISON ST BETWEEN 4TH AVE AND 5TH AVE,SE,0,0,1,0,0,0,construction no parking ,,,,,
272,4PM,10/9/2021,CommCoreFinN,NO RPZ,79570,MADISON ST BETWEEN 4TH AVE AND 5TH AVE,SE,0,0,0,0,0,0,construction no parking ,,,,,
322,5PM,10/9/2021,CommCoreFinN,NO RPZ,79570,MADISON ST BETWEEN 4TH AVE AND 5TH AVE,SE,0,0,0,0,0,0,construction no parking ,,,,,
350,6PM,10/9/2021,CommCoreFinN,NO RPZ,79570,MADISON ST BETWEEN 4TH AVE AND 5TH AVE,SE,0,0,0,0,0,0,construction no parking ,,,,,
378,7PM,10/9/2021,CommCoreFinN,NO RPZ,79570,MADISON ST BETWEEN 4TH AVE AND 5TH AVE,SE,0,0,0,0,0,0,construction no parking ,,,,,
76,9AM,10/9/2021,CommCoreFinN,NO RPZ,79570,MADISON ST BETWEEN 4TH AVE AND 5TH AVE,SE,0,0,0,0,0,0,construction no parking ,https://idax.blob.core.windows.net/images/6b562ece-c129-43a7-8232-7ce9d5635944-mobile.jpg,,,,
111,10AM,10/9/2021,CommCoreFinN,NO RPZ,79574,MADISON ST BETWEEN 6TH AVE AND 7TH AVE,SE,4,0,0,1,0,0,,,,,,
139,11AM,10/9/2021,CommCoreFinN,NO RPZ,79574,MADISON ST BETWEEN 6TH AVE AND 7TH AVE,SE,6,0,0,1,0,0,,,,,,
167,12PM,10/9/2021,CommCoreFinN,NO RPZ,79574,MADISON ST BETWEEN 6TH AVE AND 7TH AVE,SE,7,0,0,1,0,0,,,,,,
195,1PM,10/9/2021,CommCoreFinN,NO RPZ,79574,MADISON ST BETWEEN 6TH AVE AND 7TH AVE,SE,5,0,0,2,0,0,,,,,,
223,2PM,10/9/2021,CommCoreFinN,NO RPZ,79574,MADISON ST BETWEEN 6TH AVE AND 7TH AVE,SE,7,0,0,2,0,0,,,,,,
251,3PM,10/9/2021,CommCoreFinN,NO RPZ,79574,MADISON ST BETWEEN 6TH AVE AND 7TH AVE,SE,9,0,0,2,0,0,,,,,,
279,4PM,10/9/2021,CommCoreFinN,NO RPZ,79574,MADISON ST BETWEEN 6TH AVE AND 7TH AVE,SE,7,0,0,2,0,0,,,,,,
329,5PM,10/9/2021,CommCoreFinN,NO RPZ,79574,MADISON ST BETWEEN 6TH AVE AND 7TH AVE,SE,7,0,0,1,0,0,,,,,,
357,6PM,10/9/2021,CommCoreFinN,NO RPZ,79574,MADISON ST BETWEEN 6TH AVE AND 7TH AVE,SE,5,0,0,1,0,0,,,,,,
385,7PM,10/9/2021,CommCoreFinN,NO RPZ,79574,MADISON ST BETWEEN 6TH AVE AND 7TH AVE,SE,4,0,0,1,0,0,,,,,,
83,9AM,10/9/2021,CommCoreFinN,NO RPZ,79574,MADISON ST BETWEEN 6TH AVE AND 7TH AVE,SE,2,0,0,0,0,0,no parking pst sign on west end - rest is carpool parking,"https://idax.blob.core.windows.net/images/a5f483e8-b7ed-4698-a65a-aed1183be3a4-mobile.jpg,https://idax.blob.core.windows.net/images/b9e816fa-b977-485a-ace7-3cb4c64bf28e-mobile.jpg",,,,
105,10AM,10/9/2021,CommCoreFinN,NO RPZ,79649,MARION ST BETWEEN 2ND AVE AND 3RD AVE,NW,5,1,0,0,0,0,,,,,,
133,11AM,10/9/2021,CommCoreFinN,NO RPZ,79649,MARION ST BETWEEN 2ND AVE AND 3RD AVE,NW,6,1,0,0,0,0,,,,,,
161,12PM,10/9/2021,CommCoreFinN,NO RPZ,79649,MARION ST BETWEEN 2ND AVE AND 3RD AVE,NW,5,0,0,0,0,1,Person parked in imaginary back-in spot,https://idax.blob.core.windows.net/images/53854a95-c458-4fd4-a770-e62094bf5f31-mobile.jpg,,,,
189,1PM,10/9/2021,CommCoreFinN,NO RPZ,79649,MARION ST BETWEEN 2ND AVE AND 3RD AVE,NW,6,1,0,0,0,1,Still in the imaginary spot,https://idax.blob.core.windows.net/images/10528122-e246-4b13-979d-5acec0887f0a-mobile.jpg,,,,
217,2PM,10/9/2021,CommCoreFinN,NO RPZ,79649,MARION ST BETWEEN 2ND AVE AND 3RD AVE,NW,8,0,0,0,0,1,,,,,,
245,3PM,10/9/2021,CommCoreFinN,NO RPZ,79649,MARION ST BETWEEN 2ND AVE AND 3RD AVE,NW,8,1,0,0,0,2,one carparked illegal in front of garage , one car parked illegal metro vechiles only ,,,,
273,4PM,10/9/2021,CommCoreFinN,NO RPZ,79649,MARION ST BETWEEN 2ND AVE AND 3RD AVE,NW,8,1,0,0,0,2,,,,,,
323,5PM,10/9/2021,CommCoreFinN,NO RPZ,79649,MARION ST BETWEEN 2ND AVE AND 3RD AVE,NW,9,1,0,2,0,1,,,,,,
351,6PM,10/9/2021,CommCoreFinN,NO RPZ,79649,MARION ST BETWEEN 2ND AVE AND 3RD AVE,NW,11,1,0,2,0,1,one car parked illegal no stops zone ,,,,,
379,7PM,10/9/2021,CommCoreFinN,NO RPZ,79649,MARION ST BETWEEN 2ND AVE AND 3RD AVE,NW,11,0,0,2,0,2,two cars parked illegal no stop zones,,,,,
77,9AM,10/9/2021,CommCoreFinN,NO RPZ,79649,MARION ST BETWEEN 2ND AVE AND 3RD AVE,NW,4,1,0,0,0,0,,https://idax.blob.core.windows.net/images/9a2a7c23-e892-4c31-9b36-f317d60ff22b-mobile.jpg,,,,
119,10AM,10/9/2021,CommCoreFinN,NO RPZ,79653,MARION ST BETWEEN 5TH AVE AND 6TH AVE,NW,5,0,0,1,0,0,,,,,,
147,11AM,10/9/2021,CommCoreFinN,NO RPZ,79653,MARION ST BETWEEN 5TH AVE AND 6TH AVE,NW,5,0,0,1,0,0,,,,,,
175,12PM,10/9/2021,CommCoreFinN,NO RPZ,79653,MARION ST BETWEEN 5TH AVE AND 6TH AVE,NW,4,0,0,3,0,0,,,,,,
203,1PM,10/9/2021,CommCoreFinN,NO RPZ,79653,MARION ST BETWEEN 5TH AVE AND 6TH AVE,NW,5,0,0,1,0,0,,,,,,
231,2PM,10/9/2021,CommCoreFinN,NO RPZ,79653,MARION ST BETWEEN 5TH AVE AND 6TH AVE,NW,5,0,0,1,0,0,,,,,,
259,3PM,10/9/2021,CommCoreFinN,NO RPZ,79653,MARION ST BETWEEN 5TH AVE AND 6TH AVE,NW,5,0,0,2,0,0,,,,,,
287,4PM,10/9/2021,CommCoreFinN,NO RPZ,79653,MARION ST BETWEEN 5TH AVE AND 6TH AVE,NW,6,0,0,1,0,0,,,,,,
337,5PM,10/9/2021,CommCoreFinN,NO RPZ,79653,MARION ST BETWEEN 5TH AVE AND 6TH AVE,NW,5,0,0,2,0,0,,,,,,
365,6PM,10/9/2021,CommCoreFinN,NO RPZ,79653,MARION ST BETWEEN 5TH AVE AND 6TH AVE,NW,3,0,0,2,0,0,,,,,,
393,7PM,10/9/2021,CommCoreFinN,NO RPZ,79653,MARION ST BETWEEN 5TH AVE AND 6TH AVE,NW,4,0,0,2,0,0,,,,,,
91,9AM,10/9/2021,CommCoreFinN,NO RPZ,79653,MARION ST BETWEEN 5TH AVE AND 6TH AVE,NW,7,0,0,0,0,0,,,,,,
118,10AM,10/9/2021,CommCoreFinN,NO RPZ,79654,MARION ST BETWEEN 5TH AVE AND 6TH AVE,SE,5,0,0,1,0,0,,,,,,
146,11AM,10/9/2021,CommCoreFinN,NO RPZ,79654,MARION ST BETWEEN 5TH AVE AND 6TH AVE,SE,5,0,0,1,0,0,prime in load zone,,,,,
174,12PM,10/9/2021,CommCoreFinN,NO RPZ,79654,MARION ST BETWEEN 5TH AVE AND 6TH AVE,SE,6,1,0,0,0,0,,,,,,
202,1PM,10/9/2021,CommCoreFinN,NO RPZ,79654,MARION ST BETWEEN 5TH AVE AND 6TH AVE,SE,8,1,0,0,0,0,,,,,,
230,2PM,10/9/2021,CommCoreFinN,NO RPZ,79654,MARION ST BETWEEN 5TH AVE AND 6TH AVE,SE,6,0,0,0,0,0,,,,,,
258,3PM,10/9/2021,CommCoreFinN,NO RPZ,79654,MARION ST BETWEEN 5TH AVE AND 6TH AVE,SE,7,0,0,0,0,0,,,,,,
286,4PM,10/9/2021,CommCoreFinN,NO RPZ,79654,MARION ST BETWEEN 5TH AVE AND 6TH AVE,SE,7,0,0,0,0,0,,,,,,
336,5PM,10/9/2021,CommCoreFinN,NO RPZ,79654,MARION ST BETWEEN 5TH AVE AND 6TH AVE,SE,5,0,0,0,0,0,,,,,,
364,6PM,10/9/2021,CommCoreFinN,NO RPZ,79654,MARION ST BETWEEN 5TH AVE AND 6TH AVE,SE,4,0,0,0,0,0,,,,,,
392,7PM,10/9/2021,CommCoreFinN,NO RPZ,79654,MARION ST BETWEEN 5TH AVE AND 6TH AVE,SE,7,0,0,1,0,0,,,,,,
90,9AM,10/9/2021,CommCoreFinN,NO RPZ,79654,MARION ST BETWEEN 5TH AVE AND 6TH AVE,SE,6,0,0,1,0,0,,,,,,
116,10AM,10/9/2021,CommCoreFinN,NO RPZ,80833,SPRING ST BETWEEN 1ST AVE AND 2ND AVE,NW,0,0,0,0,0,0,,,,,,
144,11AM,10/9/2021,CommCoreFinN,NO RPZ,80833,SPRING ST BETWEEN 1ST AVE AND 2ND AVE,NW,0,0,0,0,0,0,,,,,,
172,12PM,10/9/2021,CommCoreFinN,NO RPZ,80833,SPRING ST BETWEEN 1ST AVE AND 2ND AVE,NW,0,0,0,0,0,0,,https://idax.blob.core.windows.net/images/81a492c1-0710-404a-8830-33be1af1d033-mobile.jpg,,,,
200,1PM,10/9/2021,CommCoreFinN,NO RPZ,80833,SPRING ST BETWEEN 1ST AVE AND 2ND AVE,NW,0,0,0,0,0,0,,https://idax.blob.core.windows.net/images/6b5cdaa3-106c-46fd-827c-ab07a0d36baa-mobile.jpg,,,,
228,2PM,10/9/2021,CommCoreFinN,NO RPZ,80833,SPRING ST BETWEEN 1ST AVE AND 2ND AVE,NW,0,0,0,0,0,0,construction no parking ,,,,,
256,3PM,10/9/2021,CommCoreFinN,NO RPZ,80833,SPRING ST BETWEEN 1ST AVE AND 2ND AVE,NW,0,0,0,0,0,0,construction no parkong ,,,,,
284,4PM,10/9/2021,CommCoreFinN,NO RPZ,80833,SPRING ST BETWEEN 1ST AVE AND 2ND AVE,NW,0,0,0,0,0,0,construction no parking ,,,,,
334,5PM,10/9/2021,CommCoreFinN,NO RPZ,80833,SPRING ST BETWEEN 1ST AVE AND 2ND AVE,NW,0,0,0,0,0,0,construction no parking ,,,,,
362,6PM,10/9/2021,CommCoreFinN,NO RPZ,80833,SPRING ST BETWEEN 1ST AVE AND 2ND AVE,NW,0,0,0,0,0,0,construction no parking ,,,,,
390,7PM,10/9/2021,CommCoreFinN,NO RPZ,80833,SPRING ST BETWEEN 1ST AVE AND 2ND AVE,NW,0,0,0,0,0,0,construction no parking ,,,,,
88,9AM,10/9/2021,CommCoreFinN,NO RPZ,80833,SPRING ST BETWEEN 1ST AVE AND 2ND AVE,NW,0,0,0,0,0,0,construction no parking ,https://idax.blob.core.windows.net/images/d111785a-5740-49bc-916c-3d45b5156c46-mobile.jpg,,,,
106,10AM,10/9/2021,CommCoreFinN,NO RPZ,80834,SPRING ST BETWEEN 1ST AVE AND 2ND AVE,SE,0,0,0,0,0,0,,,,,,
134,11AM,10/9/2021,CommCoreFinN,NO RPZ,80834,SPRING ST BETWEEN 1ST AVE AND 2ND AVE,SE,0,0,0,0,0,0,,,,,,
162,12PM,10/9/2021,CommCoreFinN,NO RPZ,80834,SPRING ST BETWEEN 1ST AVE AND 2ND AVE,SE,0,0,0,0,0,0,,https://idax.blob.core.windows.net/images/984bfc17-a16a-4d1b-9f9b-ae266e0cbb7e-mobile.jpg,,,,
190,1PM,10/9/2021,CommCoreFinN,NO RPZ,80834,SPRING ST BETWEEN 1ST AVE AND 2ND AVE,SE,0,0,0,0,0,0,,https://idax.blob.core.windows.net/images/8cc4ec89-1a54-4896-ad19-3270846f0d31-mobile.jpg,,,,
218,2PM,10/9/2021,CommCoreFinN,NO RPZ,80834,SPRING ST BETWEEN 1ST AVE AND 2ND AVE,SE,0,0,0,0,0,0,construction no parking ,,,,,
246,3PM,10/9/2021,CommCoreFinN,NO RPZ,80834,SPRING ST BETWEEN 1ST AVE AND 2ND AVE,SE,0,0,0,0,0,0,construction no parking ,,,,,
274,4PM,10/9/2021,CommCoreFinN,NO RPZ,80834,SPRING ST BETWEEN 1ST AVE AND 2ND AVE,SE,0,0,0,0,0,0,construction no parking ,,,,,
324,5PM,10/9/2021,CommCoreFinN,NO RPZ,80834,SPRING ST BETWEEN 1ST AVE AND 2ND AVE,SE,0,0,0,0,0,0,construction no parking ,,,,,
352,6PM,10/9/2021,CommCoreFinN,NO RPZ,80834,SPRING ST BETWEEN 1ST AVE AND 2ND AVE,SE,0,0,0,0,0,0,construction no parking ,,,,,
380,7PM,10/9/2021,CommCoreFinN,NO RPZ,80834,SPRING ST BETWEEN 1ST AVE AND 2ND AVE,SE,0,0,0,0,0,0,construction no parking ,,,,,
78,9AM,10/9/2021,CommCoreFinN,NO RPZ,80834,SPRING ST BETWEEN 1ST AVE AND 2ND AVE,SE,0,0,0,0,0,0,construction no parking ,https://idax.blob.core.windows.net/images/578937cf-e589-4f8d-add5-514fec1bafa9-mobile.jpg,,,,
120,10AM,10/9/2021,CommCoreFinN,NO RPZ,80837,SPRING ST BETWEEN 6TH AVE AND 7TH AVE,NW,4,0,0,0,0,0,,,,,,
148,11AM,10/9/2021,CommCoreFinN,NO RPZ,80837,SPRING ST BETWEEN 6TH AVE AND 7TH AVE,NW,3,0,0,0,0,0,,,,,,
176,12PM,10/9/2021,CommCoreFinN,NO RPZ,80837,SPRING ST BETWEEN 6TH AVE AND 7TH AVE,NW,3,0,0,0,0,0,,,,,,
204,1PM,10/9/2021,CommCoreFinN,NO RPZ,80837,SPRING ST BETWEEN 6TH AVE AND 7TH AVE,NW,6,0,0,0,0,0,,,,,,
232,2PM,10/9/2021,CommCoreFinN,NO RPZ,80837,SPRING ST BETWEEN 6TH AVE AND 7TH AVE,NW,5,0,0,0,0,0,,,,,,
260,3PM,10/9/2021,CommCoreFinN,NO RPZ,80837,SPRING ST BETWEEN 6TH AVE AND 7TH AVE,NW,5,0,0,0,0,0,,,,,,
288,4PM,10/9/2021,CommCoreFinN,NO RPZ,80837,SPRING ST BETWEEN 6TH AVE AND 7TH AVE,NW,4,0,0,0,0,0,,,,,,
338,5PM,10/9/2021,CommCoreFinN,NO RPZ,80837,SPRING ST BETWEEN 6TH AVE AND 7TH AVE,NW,1,0,0,0,0,0,,,,,,
366,6PM,10/9/2021,CommCoreFinN,NO RPZ,80837,SPRING ST BETWEEN 6TH AVE AND 7TH AVE,NW,1,0,0,0,0,0,,,,,,
394,7PM,10/9/2021,CommCoreFinN,NO RPZ,80837,SPRING ST BETWEEN 6TH AVE AND 7TH AVE,NW,1,0,0,0,0,0,,,,,,
92,9AM,10/9/2021,CommCoreFinN,NO RPZ,80837,SPRING ST BETWEEN 6TH AVE AND 7TH AVE,NW,2,0,0,0,0,0,,https://idax.blob.core.windows.net/images/171210f6-92d1-4228-b253-045c33dfd4a3-mobile.jpg,,,,
295,10AM,10/9/2021,CommCoreFinS,NO RPZ,94651,CHERRY ST BETWEEN 4TH AVE AND 5TH AVE,NW,9,0,0,1,0,0,,,,,,
401,11AM,10/9/2021,CommCoreFinS,NO RPZ,94651,CHERRY ST BETWEEN 4TH AVE AND 5TH AVE,NW,8,0,0,1,0,0,,,,,,
423,12PM,10/9/2021,CommCoreFinS,NO RPZ,94651,CHERRY ST BETWEEN 4TH AVE AND 5TH AVE,NW,8,0,0,1,0,0,,,,,,
445,1PM,10/9/2021,CommCoreFinS,NO RPZ,94651,CHERRY ST BETWEEN 4TH AVE AND 5TH AVE,NW,4,0,0,1,0,0,1 paid still county vehicle,,,,,
467,2PM,10/9/2021,CommCoreFinS,NO RPZ,94651,CHERRY ST BETWEEN 4TH AVE AND 5TH AVE,NW,0,0,0,1,0,0,,,,,,
489,3PM,10/9/2021,CommCoreFinS,NO RPZ,94651,CHERRY ST BETWEEN 4TH AVE AND 5TH AVE,NW,0,0,0,0,0,0,,,,,,
511,4PM,10/9/2021,CommCoreFinS,NO RPZ,94651,CHERRY ST BETWEEN 4TH AVE AND 5TH AVE,NW,0,0,0,0,0,0,,,,,,
533,5PM,10/9/2021,CommCoreFinS,NO RPZ,94651,CHERRY ST BETWEEN 4TH AVE AND 5TH AVE,NW,0,0,0,0,0,0,,,,,,
27,6PM,10/9/2021,CommCoreFinS,NO RPZ,94651,CHERRY ST BETWEEN 4TH AVE AND 5TH AVE,NW,0,0,0,0,0,0,,,,,,
49,7PM,10/9/2021,CommCoreFinS,NO RPZ,94651,CHERRY ST BETWEEN 4TH AVE AND 5TH AVE,NW,0,0,0,0,0,0,,,,,,
5,9AM,10/9/2021,CommCoreFinS,NO RPZ,94651,CHERRY ST BETWEEN 4TH AVE AND 5TH AVE,NW,8,0,0,1,0,0,3-6 no stops, 4 paid have comm permit, maintenance,https://idax.blob.core.windows.net/images/773e96ca-0588-4cb5-94b8-18d589101ffe-mobile.jpg,,
